"SKU","Category","Brand","Model","Item Name","Recently Purchase","Cost","Available","Total Sale"
"O619V","APPLE","MacBook Air","MacBook Air","MacBook Air 13.6-inch M2 2022 M2 | 8GB | 256GB | Midnight","not set","0","0","4"
"M9C2B","APPLE","AirPod","not set","Apple AirPod 3 2021 Apple AirPod 3 2021","not set","0","0","1"
"not set","not set","not set","not set","Apple Magic Mouse 2 2021","not set","0","0","0"
"not set","not set","not set","not set","Apple 20W Power Adapter US","not set","0","0","0"
"not set","not set","not set","not set","MacBook Pro 16.2 M1 Pro 2021","not set","0","0","0"
"not set","not set","not set","not set","MacBook Pro 13.3-inch M1 CPO M1/8/256GB","not set","0","0","0"
"not set","not set","not set","not set","MacBook Pro 13.3"" 2012 99% i5/8/512GB","not set","0","0","0"
"not set","not set","not set","not set","MacBook Pro 15.4"" 2015 Retina i7/16/512GB","not set","0","0","0"
"0LZGC","MONITOR","Dell Monitor","Dell Monitor","Dell Monitor  24 P2419H 99%","not set","0","0","17"
"not set","not set","not set","not set","OptiPlex 7040 All In One","not set","0","0","0"
"not set","not set","not set","not set","ACER Aspire Extensa 14 2022","not set","0","0","0"
"not set","not set","not set","not set","MSI Modern 14 B10MW","not set","0","0","0"
"not set","not set","not set","not set","MSI GF63 Thin 10UD","not set","0","4","0"
"not set","not set","not set","not set","Dell Monitor 23 P2319H 99%","not set","0","0","0"
"not set","not set","not set","not set","Dell Optiplex 7050 Mini SFF i5/8/512GB","not set","0","0","0"
"IEFUQ","USED PC","Dell Desktop","DELL PC (Used)","Dell Optiplex 7050 Mini SFF  i5 | 8GB | 256GB ","not set","0","0","3"
"not set","not set","not set","not set","Desktop Clone i5 9400F","not set","0","0","0"
"not set","not set","not set","not set","MacBook Pro 13""/15"" 2011-2012 Battery Replacement","not set","0","0","0"
"not set","not set","not set","not set","MacBook Air 11""/13"" 2009-2017 Battery Replacement","not set","0","0","0"
"not set","not set","not set","not set","MacBook Pro 2014-2105 15"" Battery Replacement","not set","0","0","0"
"AKSFZ","ACCESSORIES","Mouse ","Mouse","Gaming Mouse AULA S12","14 Feb 2024","4.5","0","10"
"MDGQ1","ACCESSORIES","Keyboard","Keyboard","AOC Mouse Keyboard   KM160","not set","0","0","0"
"BJ37S","ACCESSORIES","Keyboard","Keyboard","USB Keyboard Dell USB Keyboard Dell","10 Nov 2023","6.5","0","1"
"not set","not set","not set","not set","Desktop Clone i5 8400","not set","0","0","0"
"not set","not set","not set","not set","iMac 24 2021 M1 Chip (8C-8C) 8GB | 256GB","not set","0","0","0"
"E1ZOR","PC PART","RAM","Gaming RAM RGB","XPG D50 3200Mhz  8GB","not set","0","0","0"
"7WRMG","PC PART","RAM","RAM DDR3 / DDR4 Laptop","DDR4 3200MHz LAPTOP 8GB Original","not set","0","0","5"
"not set","not set","not set","not set","GeForce® GTX 1660 Super 6G","not set","0","0","0"
"L5O7B","APPLE","AirPod","not set","Apple AirPods Pro  2 Apple AirPods Pro  2","not set","0","0","2"
"not set","not set","not set","not set","MacBook Pro 13.3 Non Bar 2017 99% i5/8/256GB","not set","0","0","0"
"not set","not set","not set","not set","MacBook Pro 13.3 2020 Gray M1/8/256GB 97%","not set","0","0","0"
"not set","not set","not set","not set","GeForce® GTX 1050Ti 4G ","not set","0","0","0"
"not set","not set","not set","not set","MacBook Pro 14.2 M1 2021","not set","0","0","0"
"not set","not set","not set","not set","MacBook Pro 14.2 M1 2021","not set","0","0","0"
"1OSPY","APPLE","Power & Cables","Power Cable","Apple Charger Cable USB-C to Lightning Cable 1m","not set","0","0","4"
"not set","not set","not set","not set","35W Dual USB-C Power ","not set","0","0","0"
"not set","not set","not set","not set","MacBook Pro 13.3-inch 2019","not set","0","0","0"
"not set","not set","not set","not set","MacBook Pro 13.3-inch 2015 98% i5/8/256GB","not set","0","0","0"
"not set","not set","not set","not set","FUJITSU Desktop G3900 | 4GB | 128GB","not set","0","0","0"
"not set","not set","not set","not set","FUJITSU Desktop G3900 | 16GB | 512GB","not set","0","0","0"
"not set","not set","not set","not set","FUJITSU Desktop G3900 | 8GB | 256GB","not set","0","0","0"
"not set","not set","not set","not set","i5 | 16GB | 1TB ","not set","0","0","0"
"not set","not set","not set","not set","iMac (27-inch, Mid 2011) 2K i5/16/512GB","not set","0","0","0"
"not set","not set","not set","not set","iMac (21.5-inch, Mid 2014) i5/8/512GB","not set","0","0","0"
"not set","not set","not set","not set","iMac Retina 4K, 21.5-inch 2017 i5/16/512GB","not set","0","0","0"
"not set","not set","not set","not set","Dell 24 Monitor - SE2422HR","not set","0","0","0"
"37ITE","MONITOR","Dell Monitor","Dell Monitor","Dell 22 Monitor 2022 SE2222HV 22-Inch","not set","0","0","1"
"not set","not set","not set","not set","AOC 27B2H 27 inch monitor","not set","0","0","0"
"not set","not set","not set","not set","MacBook Pro 13.3-inch 2018 i5/8/256GB","not set","0","0","0"
"not set","not set","not set","not set","Dell 17 Monitor | E1715S","not set","0","0","2"
"M7C2U","PC PART","RAM","RAM DDR3 / DDR4 Laptop","1600DDR3L Ram Laptop 4GB 1600DDR3L Ram Laptop 4GB","not set","0","0","0"
"QPT5K","PC PART","RAM","RAM DDR3 / DDR4 Desktop","1600 DDR3L Desktop 4GB 1600 DDR3L Desktop 4GB","not set","0","0","0"
"not set","not set","not set","not set","SL300 120GB - Colorful","not set","0","0","0"
"not set","not set","not set","not set","Gateway GWTN156 Pentium","not set","0","0","0"
"7ORUQ","APPLE","AirPod","not set","Apple AirPods Series | AirPods 2","not set","0","0","1"
"IS6VL","APPLE","HomePod","not set","HomePod mini Black","not set","0","0","0"
"not set","not set","not set","not set","Apple Watch Series8 45mm","not set","0","0","0"
"not set","not set","not set","not set","Surface Laptop 3 13.5"" ( CPO ) i5/8/128GB","not set","0","0","0"
"not set","not set","not set","not set","Surface Laptop 3 15"" ( CPO )","not set","0","0","0"
"not set","not set","not set","not set","LENOVO Legion 5 17-Inch","not set","0","0","0"
"not set","not set","not set","not set","HP Elitebook X360 1030 G2 99%","not set","0","0","0"
"not set","not set","not set","not set","MacBook Pro 13.3-inch M2 2022 M2/8/256GB","not set","0","0","0"
"not set","not set","not set","not set","SL300 256GB - Colorful","not set","0","0","0"
"not set","not set","not set","not set","SL300 512GB - Colorful","not set","0","0","0"
"not set","not set","not set","not set","SL300 1000GB - Colorful","not set","0","0","0"
"not set","not set","not set","not set","Lexar® NS100 2.5” SATA 1TB","not set","0","0","0"
"not set","not set","not set","not set","Samsung 980 PRO SSD 2TB Gen 4.0","not set","0","0","0"
"not set","not set","not set","not set","ASUS GT 730 1GD3H LP 2GB","not set","0","0","0"
"CO518","PC PART","SSD","SSD SATA 3","SAMSUNG 870 QVO 512GB","not set","0","0","1"
"71M05","MONITOR","Dell Monitor","Dell Monitor","Dell Monitor 2021 S2421HN 24-Inch","not set","0","0","2"
"not set","not set","not set","not set","SAMA Power Supply 450W","not set","0","0","0"
"not set","not set","not set","not set","SAMA Power Supply 550W","not set","0","0","0"
"V72IE","PC PART","Power Supply","Power Supply ","SAMA Power Supply  450W","19 Nov 2023","18","0","0"
"not set","not set","not set","not set","XPG D50 3200Mhz RGB 16GB","not set","0","0","0"
"not set","not set","not set","not set","XPG D50 3200Mhz RGB 32GB","not set","0","0","0"
"JSZK5","PC PART","RAM","RAM DDR3 / DDR4 Desktop","DDR4 3200MHz DESKTOP 4GB","not set","0","0","1"
"not set","not set","not set","not set","ADATA LAPTOP 3200Mhz 16G","not set","0","0","0"
"not set","not set","not set","not set","ADATA LAPTOP 3200Mhz 32G","not set","0","0","0"
"not set","not set","not set","not set","ADATA DDR4 3200Mhz 8GB","not set","0","0","0"
"RACUI","PC PART","RAM","RAM DDR3 / DDR4 Laptop","DDR3 / 3L LAPTOP 2GB","not set","0","8","0"
"not set","not set","not set","not set","JONSBO CR1400","not set","0","-7","0"
"not set","not set","not set","not set","JONSBO CR1000","not set","0","0","0"
"54XJK","PC PART","CPU FAN","not set","JONSBO CPU FAN CR1200E","not set","0","0","3"
"not set","not set","not set","not set","MacBook Air13.3-inch 2019 99% i5/8/128GB","not set","0","0","0"
"not set","not set","not set","not set","DHP 24"" All In One","not set","0","0","0"
"not set","not set","not set","not set","CHINA DHP All In One 24""","not set","0","0","0"
"not set","not set","not set","not set","Intel® Core™ i5-10400 12M Cache, up to 4.3 GHz","not set","0","0","0"
"not set","not set","not set","not set","Intel® Core™ i5-12400 18M Cache, up to 4.40 GHz 6C","not set","0","0","0"
"not set","not set","not set","not set","Intel® Core™ i7-11700F 16M Cache, up to 4.9 GHz 8C","not set","0","0","0"
"not set","not set","not set","not set","Intel® Core™ i9-12900KF Processor 30M Cache","not set","0","0","0"
"N1FYG","PC PART","Intel CPU","INTEL CPU","12th Generation Intel® Core i3 12100 Processors","not set","0","0","0"
"not set","not set","not set","not set","Intel® Core™ i9-13900KS Processor 36M Cache","not set","0","0","0"
"EIHC1","PC PART","Power Supply","Power Supply ","XPGPower Supply  450W","not set","0","0","0"
"not set","not set","not set","not set","HP Laptop 14 Touch","not set","0","0","0"
"OM8GW","ACCESSORIES","External HDD","External Drive","StoreJet 25H3 | Portable External 1TB","09 Dec 2023","48","0","5"
"not set","not set","not set","not set","StoreJet 25H3 | Portable 2TB","not set","0","0","0"
"not set","not set","not set","not set","StoreJet 25H3 | Portable 4TB","not set","0","0","0"
"T8K7Z","ACCESSORIES","External HDD","External Drive","StoreJet 25C3S Type-C External 1000G","03 Feb 2024","59","0","2"
"DVPZ6","ACCESSORIES","External HDD","USB Type-C","StoreJet 25C3S Type-C 2TB StoreJet 25C3S Type-C 2TB","not set","0","0","2"
"not set","not set","not set","not set","StoreJet 25C3S Type-C 2TB","not set","0","0","0"
"not set","not set","not set","not set","Acer Gateway GWTN141 ULTRA","not set","0","0","0"
"not set","not set","not set","not set","ASROCK Z690 STEEL LEGEND WIFI","not set","0","0","0"
"not set","not set","not set","not set","i5 | 8GB | 256GB ","not set","0","0","0"
"not set","not set","not set","not set","MacBook Pro 13.3"" 2012 Retina 98% i5/8/128GB","not set","0","0","0"
"not set","not set","not set","not set","MacBook Pro 13.3 2020 M1 CPO M1/8/256GB","not set","0","0","0"
"not set","not set","not set","not set","CHINA DHP All In One 24""","not set","0","0","0"
"not set","not set","not set","not set","CHINA DHP All In One 24""","not set","0","-1","0"
"not set","not set","not set","not set","CHINA DHP All In One 24""","not set","0","0","0"
"not set","not set","not set","not set","CHINA DHP All In One 24""","not set","0","0","0"
"not set","not set","not set","not set","CHINA DHP All In One 24""","not set","0","0","0"
"not set","not set","not set","not set","DELL Inspiron 3511 MX350","not set","0","0","0"
"FTQSB","PC PART","SSD","HDD Desktop / Laptop","Internal Hard Disk 3.5 1TB","not set","0","0","4"
"not set","not set","not set","not set","Hard Drives 2TB 3.5""","not set","0","0","0"
"not set","not set","not set","not set","Hard Drives 4TB 3.5""","not set","0","0","0"
"not set","not set","not set","not set","Hard Drives 6TB 3.5"" (Used) ","not set","0","0","0"
"not set","not set","not set","not set","Dell Inspiron 13 5310","not set","0","0","0"
"not set","not set","not set","not set","NZXT H510 Elite ","not set","0","0","0"
"not set","not set","not set","not set","NZXT H5 Flow Editon ","not set","0","0","0"
"not set","not set","not set","not set","DELL Vostro 15 3500","not set","0","0","0"
"not set","not set","not set","not set","MacBook Air 2014 11.5"" 99% i5/4/128GB","not set","0","0","0"
"not set","not set","not set","not set","MacBook Air 2017 13.3 99% i5/8/256GB","not set","0","-2","0"
"not set","not set","not set","not set","i7 | 32GB | 1TB | 2GB","not set","0","0","2"
"not set","not set","not set","not set","iMac Retina 21.5-inch 2017 99% i5/16/512GB","not set","0","0","0"
"not set","not set","not set","not set","HIKVISION USB 3.0 16G Flash ","not set","0","0","0"
"not set","not set","not set","not set","HIKVISION USB 3.0 32G Flash ","not set","0","0","0"
"not set","not set","not set","not set","HIKVISION USB 3.0 64G Flash ","not set","0","0","0"
"N0PSE","SOFTWARE","Windows","not set","Reinstall Windows + STD APP Reinstall Windows + STD APP","not set","0","1","0"
"MYTJ8","SOFTWARE","Windows","not set","Reinstall Windows on Mac Reinstall Windows on Mac","not set","0","0","0"
"not set","not set","not set","not set","Cable 1.5M","not set","0","0","2"
"NH9D7","ACCESSORIES","Network","Network Cable","Network Cable 3M","04 Feb 2024","1.5","0","9"
"MAP7L","ACCESSORIES","Network","Network Cable","Network   Cable 5M","04 Feb 2024","2","0","6"
"9YS0X","ACCESSORIES","Network","Network Cable","Network  Cable 10M","04 Feb 2024","3","0","5"
"DR37P","ACCESSORIES","UGREEN","Power Cable","UGreen PD 20W Adapter Power Delivery UGreen PD 20W Adapter Power Delivery","not set","0","0","0"
"Q4LSK","ACCESSORIES","UGREEN","Power Cable","UGreen  USB-C to USB-C Gen2 10GB/s","14 Nov 2023","10","0","6"
"0DH3J","ACCESSORIES","UGREEN","Power Cable","UGREEN  Micro USB 3.0 Cable USB","not set","0","0","1"
"JAKZX","ACCESSORIES","UGREEN","Video Accessories","UGREEN Display Cable Mini DP to Mini DP","not set","0","0","0"
"EOMQI","ACCESSORIES","Network","Wi-Fi Network","UGREEN Wifi Adapter USB Wi-Fi AC","02 May 2024","7.5","0","6"
"2BH7J","ACCESSORIES","Network","Wi-Fi Network","UGREEN Bluetooth Adapter USB Bluetooth 5.0","not set","0","-1","6"
"4IWNO","ACCESSORIES","UGREEN","Display & Video","UGREEN Display Adapter  DVI to HDMI","not set","0","0","1"
"IXOG1","ACCESSORIES","UGREEN","Display & Video","UGREEN Display Adapter DVI to VGA","not set","0","0","0"
"YMCRX","ACCESSORIES","UGREEN","Audio Accessories","UGREEN Audio Adapter USB-A Bluetooth 5.0 Car","not set","0","0","0"
"P7X4L","ACCESSORIES","Network","Network","UGREEN Ethernet Adapter USB-C to Network","not set","0","0","2"
"G4SC2","ACCESSORIES","UGREEN","Display & Video","UGREEN Display Adapter HDMI to VGA","not set","0","0","0"
"not set","not set","not set","not set","UGREEN Laptop Stand ","not set","0","0","0"
"4RI9C","ACCESSORIES","UGREEN","Power Cable","UGREEN  USB C to SATA 3 2.5""","not set","0","0","0"
"GLE60","ACCESSORIES","Mouse ","Mouse","Dell   Wire Mouse","10 Nov 2023","2.5","0","16"
"D0GVM","ACCESSORIES","Mouse ","Mouse","Dell Wireless Mouse WM118-BK","not set","0","0","3"
"not set","not set","not set","not set","AOC Mouse Keyboard KM100 ","not set","0","0","0"
"RT3OI","ACCESSORIES","Keyboard","Keyboard","AOC Mouse Keyboard   KM410 RGB Light","not set","0","0","0"
"5VDWA","ACCESSORIES","UGREEN","Power Cable","UGREEN  USB-B to USB-C Cable ","not set","0","0","2"
"2H6ZC","ACCESSORIES","UGREEN","Power Cable","UGREEN  USB-C to Micro-B 3.0","not set","0","0","0"
"G3WB7","ACCESSORIES","Display / Audio","Video Accessories","DTECH Display Cable Display Port Cable 1.8M","not set","0","0","3"
"not set","not set","not set","not set","ACER Aspire 3","not set","0","0","0"
"6G2FZ","ACCESSORIES","External HDD","Enclosure","DATA Cable USB-C to USB-C Cable 0.3M","not set","0","0","0"
"EONIR","ACCESSORIES","External HDD","Enclosure","DATA Cable USB-A to USB-C Cable 0.3M","not set","0","0","1"
"not set","not set","not set","not set"," USB-C to Micro 0.3M Cable Data","not set","0","0","0"
"4YC96","ACCESSORIES","USB HUB","USB-C HUB","ORICO USB-C Hub USB-C to USB A","not set","0","0","7"
"GJCVM","ACCESSORIES","UGREEN","Video Accessories","UGREEN Display Adapter USB-C to HDMI","19 Apr 2024","12","0","8"
"9WGFO","ACCESSORIES","USB HUB","USB-C HUB","ORICO Display Adapter USB C to VGA","not set","0","0","0"
"not set","not set","not set","not set","ORICO 4 Port Portable USB3.0 ","not set","0","0","0"
"IR3AV","ACCESSORIES","External HDD","Enclosure","ORICO Enclosure 2.5 inch USB3.0 Hard Drive","not set","0","0","3"
"BL658","ACCESSORIES","UGREEN","Audio Accessories","ORICO Audio Cable Audio 3.5mm Male to Female 1M","not set","0","0","1"
"QZMS8","ACCESSORIES","Display / Audio","Video Accessories","DTECH Display Cable  HDMI to HDMI 1.5M","not set","0","0","15"
"OWAH2","ACCESSORIES","External HDD","Enclosure","Orico Enclosure Orico SATA M.2 SSD housing 10G","not set","0","20","0"
"not set","not set","not set","not set","addlink External Portable SSD NVMe & SATA","not set","0","0","0"
"ABDP4","ACCESSORIES","Network","Wi-Fi Network","USB WIFI TP-LINK USB 150Mb/s","17 May 2024","5","3","13"
"not set","not set","not set","not set","TP-LINK USB 300Mb/s","not set","0","-1","1"
"8JE3W","ACCESSORIES","UGREEN","Audio Accessories","UGREEN Audio Adapter USB-A to 3.5mm Audio ","02 May 2024","6","0","0"
"not set","not set","not set","not set","LEGION 5 PRO 16ITH6","not set","0","0","0"
"not set","not set","not set","not set","MacBook (Retina, 12-inch, 2017) 95% M3/8/256GB ","not set","0","0","0"
"not set","not set","not set","not set","ROG Zephyrus G15 GA503RM","not set","0","-2","0"
"not set","not set","not set","not set","MacBook Pro 13.3"" Late 2013 99% i5/8/256GB","not set","0","-6","0"
"not set","not set","not set","not set","MacBook Pro 13.3"" Late 2013 99% i5/8/512GB","not set","0","0","0"
"LCUHR","PC PART","Mi","Mi Monitor","Z Mi Curved Gaming Monitor 34 Mi Curved Gaming Monitor 34","not set","0","0","0"
"V0A4K","ACCESSORIES","Network","Network Cable","Network Cable 15M","not set","0","0","4"
"C7GEV","ACCESSORIES","Network","Network Cable","Network  Cable 20M","not set","0","0","1"
"not set","not set","not set","not set","ThinkPad E14 Gen 2 14"" Intel L","not set","0","0","0"
"not set","not set","not set","not set","Lenovo ThinkCenter","not set","0","0","0"
"ZT4WJ","APPLE","Power & Cables","Power Cable","Apple Charger Cable USB-C to Lightning (1m) iMac","not set","0","0","5"
"not set","not set","not set","not set","128GB","not set","0","0","6"
"not set","not set","not set","not set","LEVEN JS600 512GB ","not set","0","0","0"
"9GO2B","PC PART","SSD","SSD M2 PCIe","ADATA LEGEND 710 256GB","not set","0","0","6"
"not set","not set","not set","not set","ADATA LEGEND 700 512GB M.2 PCIe","not set","0","0","0"
"not set","not set","not set","not set","Apple Magic Mouse 2 Black","not set","0","0","0"
"WMELZ","APPLE","Power & Cables","Power Cable","Apple Charger Cable USB-C to USB-C Cable (1 m)","not set","0","0","0"
"DT5ZS","APPLE","Power & Cables","Power Cable","Apple Charger Cable USB-C to USB-C 240W (2m)","not set","0","0","5"
"DY3I7","APPLE","Power & Cables","Power Cable","Apple Charger Cable USB-A to Lightning 1m Wihite","not set","0","0","0"
"6BLTY","APPLE","Power & Cables","Power Cable","Apple Charger Cable USB-A to Lightning 1m Black","not set","0","0","0"
"not set","not set","not set","not set","Apple 20W Power Adapter ZP","not set","0","0","0"
"N4JAB","APPLE","Power & Cables","Power Cable","Apple Power Adapter 5W USB-A","not set","0","0","3"
"8KHXL","ACCESSORIES","UGREEN","Power Cable","UGREEN  USB-A to USB-C","not set","0","-1","1"
"OJMAZ","ACCESSORIES","Display / Audio","Video Accessories","Display Adapter Mini DP to HDMI ","not set","0","0","1"
"T563W","ACCESSORIES","Mouse ","Mouse","Aula Wireless Mouse Gaming","not set","0","0","2"
"8493N","ACCESSORIES","Webcam","Webcam","Logitech C270 HD Webcam","not set","0","0","0"
"not set","not set","not set","not set","Luminous C30 2K QHD Webcam  Fantech","not set","0","0","0"
"not set","not set","not set","not set","Apple 30W Power Adapter US","not set","0","0","0"
"not set","not set","not set","not set","Samsung 35W Power Adapter ","not set","0","0","0"
"VIQ8H","APPLE","Power & Cables","Power Cable","Charger Cable Magsafe 2 To Usb C","not set","0","0","0"
"not set","not set","not set","not set"," ADATA 1TB External SSD","not set","0","0","0"
"Q0UM1","ACCESSORIES","External HDD","External Drive","SE800 ADATA External SSD  1000GB","03 Feb 2024","64","0","4"
"RCMGS","ACCESSORIES","UGREEN","Display & Video","UGREEN USB Hub 4 in 1 USB 3.0","not set","0","0","0"
"not set","not set","not set","not set","10 in 1  HDMI ,VGA , Ethernet","not set","0","0","2"
"2V3PM","ACCESSORIES","UGREEN","Display & Video","UGREEN USB-C Hub 6 in 1 SD Card + HDMI + USB","not set","0","0","10"
"not set","not set","not set","not set","SSK SC112 Type-C Multi-Function Original","not set","0","0","0"
"FWNSG","ACCESSORIES","Display / Audio","Display & Video","ORICO USB-C Hub 5 in 1 HDMI+VGA+USB+Audio ","not set","0","0","0"
"not set","not set","not set","not set","HP MicroSd mi310 64GB","not set","0","0","0"
"not set","not set","not set","not set","HP MicroSD mi310 128G","not set","0","0","0"
"not set","not set","not set","not set","32GB","not set","0","-4","0"
"not set","not set","not set","not set","Apple 45W MagSafe COPY","not set","0","1","0"
"not set","not set","not set","not set","Apple 60W MagSafe 2 COPY","not set","0","1","0"
"not set","not set","not set","not set","Apple 60W MagSafe 1 COPY","not set","0","0","0"
"VZ1BN","ACCESSORIES","Display / Audio","Display & Video","DTECH Display Adapter DT-7144 4K*2K HDMI Split 2","not set","0","0","1"
"not set","not set","not set","not set","Apple 61W USB-C Power ","not set","0","0","0"
"not set","not set","not set","not set","61W USB-C Power COPY","not set","0","0","0"
"not set","not set","not set","not set","30W USB-C Power COPY","not set","0","0","0"
"QGST4","ACCESSORIES","Display / Audio","Video Accessories","DTECH Display Cable HDMI to HDMI Cable 5M","not set","0","0","0"
"not set","not set","not set","not set","Comfast CF-AX181 Pro AX3000","not set","0","0","0"
"KBWGO","ACCESSORIES","Display / Audio","Video Accessories","DTECH Display Cable  HDMI to HDMI Cable 3M","not set","0","0","8"
"7QX3W","ACCESSORIES","Display / Audio","Video Accessories","DTECH Display Cable  HDMI to HDMI 10M","not set","0","0","1"
"0H2IW","ACCESSORIES","Display / Audio","Audio Accessories","UGREEN Micro Phone Desktop USB Microphone Kit","01 Mar 2024","18","0","2"
"48YTF","ACCESSORIES","Headphone & Speakers","Audio Accessories","EDIFIER K830","not set","0","-2","0"
"TS5LV","ACCESSORIES","Headphone & Speakers","Audio Accessories","EDIFIER   W800BT Plus","not set","0","0","0"
"TGB16","ACCESSORIES","Headphone & Speakers","Audio Accessories","Fantech Official VALOR MH86 SPACE EDITION","not set","0","0","0"
"not set","not set","not set","not set","Edifier G4 TE Gaming Headset for PC","not set","0","0","0"
"not set","not set","not set","not set","HD710 Pro External Hard Drive","not set","0","0","0"
"not set","not set","not set","not set","SSK SHE-C325 Type-C SSD Enclos","not set","0","0","0"
"X6PQ5","ACCESSORIES","USB HUB","USB-C HUB","Transcend Card Reader   RDF9 ","not set","0","0","0"
"not set","not set","not set","not set","5.0 Bluetooth Adapter","not set","0","0","0"
"not set","not set","not set","not set","4 Port USB 3. Multi High Speed","not set","0","0","0"
"not set","not set","not set","not set","HDMI to VGA Female Video","not set","0","0","0"
"not set","not set","not set","not set","MV-01 LAVALIER MICROPHONE","not set","0","0","0"
"4TCO9","ACCESSORIES","Display / Audio","Display & Video","Display Adapter USB C to VGA Cable","not set","0","0","0"
"4KY31","ACCESSORIES","UGREEN","Video Accessories","UGREEN Display Cable USB C to HDMI Cable","19 Apr 2024","14","0","4"
"UWPKF","ACCESSORIES","UGREEN","Video Accessories","UGREEN Display Cable USB C To Display port ","not set","0","0","0"
"9FXBN","ACCESSORIES","UGREEN","Audio Accessories","UGREEN Audio Cable Audio 3.5mm to 3.5mm 2m","19 Apr 2024","3","0","2"
"ZDRMI","ACCESSORIES","UGREEN","Audio Accessories","UGREEN Audio Cable Audio 3.5mm to 3.5mm Cables 1m ","not set","0","-1","0"
"6JZR0","ACCESSORIES","Display / Audio","Display & Video","Display Adapter Mini Dp to DP","not set","0","0","0"
"5492V","ACCESSORIES","Display / Audio","Display & Video","Display Cable Mini DP to HDMI","not set","0","0","1"
"QYP8M","ACCESSORIES","Display / Audio","Video Accessories","Display Cable DVI to DVI 1.5M","not set","0","0","0"
"67QIY","ACCESSORIES","External HDD","Enclosure","ORICO Enclosure 3.5 inch USB3.0 Hard Drive","not set","0","0","0"
"not set","not set","not set","not set","GIGABYTE B560M DS3H LGA 1200 Support","not set","0","0","0"
"XLIPT","ACCESSORIES","Headphone & Speakers","Audio Accessories","HP DHS-2111s  2.1 Speakers ","not set","0","0","0"
"069O1","ACCESSORIES","Headphone & Speakers","Audio Accessories","HP DHS-2101   2.0 USB Portable","not set","0","0","6"
"5APZU","ACCESSORIES","Headphone & Speakers","Audio Accessories","EDIFIER  USB K815","not set","0","0","0"
"QIJ57","ACCESSORIES","Elephant","Screen","Elephant for iP 14 Pro Max Elephant for iP 14 Pro Max","not set","0","0","4"
"QUHE0","ACCESSORIES","Elephant","Screen","Elephant for iP 14 Pro  Elephant for iP 14 Pro ","not set","0","0","0"
"AUM9J","ACCESSORIES","Elephant","Screen","Elephant for iP 13 Pro Max Elephant for iP 13 Pro Max","not set","0","0","0"
"59SUE","ACCESSORIES","Elephant","Screen","Elephant for iP 13 Pro  Elephant for iP 13 Pro ","not set","0","0","0"
"C1TF2","ACCESSORIES","Elephant","Screen","Elephant for iP 13  Elephant for iP 13 ","not set","0","0","0"
"201KZ","ACCESSORIES","Elephant","Screen","Elephant for iP 12 Pro Max Elephant for iP 12 Pro Max","not set","0","0","0"
"4RA20","ACCESSORIES","Elephant","Screen","Elephant for iP 7 Plus White Elephant for iP 7 Plus White","not set","0","0","0"
"NHOPU","ACCESSORIES","Elephant","Screen","Elephant for iP 7 Plus Black Elephant for iP 7 Plus Black","not set","0","0","1"
"GARVN","ACCESSORIES","Elephant","Screen","Elephant for iP 12 Elephant for iP 12","not set","0","0","0"
"IJCD4","ACCESSORIES","Elephant","Screen","Elephant for iP 11 Pro Max Elephant for iP 11 Pro Max","not set","0","0","0"
"7U9KB","ACCESSORIES","Elephant","Screen","Elephant for iP 11 6.1 Elephant for iP 11 6.1","not set","0","0","2"
"W6J8S","ACCESSORIES","Elephant","Screen","Elephant for iP 11 Pro 5.8 Elephant for iP 11 Pro 5.8","not set","0","0","1"
"M2PZF","ACCESSORIES","Elephant","Screen Private","Elephant for iP 11 Private Elephant for iP 11 Private","not set","0","0","0"
"P6JBS","ACCESSORIES","Elephant","Screen Private","Elephant for iP Xs Private Elephant for iP Xs Private","not set","0","0","0"
"EPXLG","ACCESSORIES","Elephant","Screen Private","Elephant for iP 11 PM Private Elephant for iP 11 PM Private","not set","0","0","1"
"BA1PE","ACCESSORIES","Elephant","Screen Private","Elephant for iP 13 Private Elephant for iP 13 Private","not set","0","0","0"
"VU6K4","ACCESSORIES","Elephant","Screen Private","Elephant for iP 13 PM  Private Elephant for iP 13 PM  Private","not set","0","0","0"
"MOTW7","ACCESSORIES","Elephant","Screen Private","Elephant for iP 12 PM  Private Elephant for iP 12 PM  Private","not set","0","0","0"
"GDRZC","ACCESSORIES","Xundd","Case","Xundd for iP 14 PM   Xundd for iP 14 PM  ","not set","0","0","0"
"12BJT","ACCESSORIES","Xundd","Case","Xundd for iP 12 PM   Xundd for iP 12 PM  ","not set","0","0","0"
"4TDMA","ACCESSORIES","Xundd","Case","Xundd for iP 14 Plus Xundd for iP 14 Plus","not set","0","0","0"
"QEGUS","ACCESSORIES","Xundd","Case","Xundd for iP 14  Xundd for iP 14 ","not set","0","0","0"
"WNM57","ACCESSORIES","Xundd","Case","Xundd for iP 13 Pro Xundd for iP 13 Pro","not set","0","0","0"
"13GFT","ACCESSORIES","Xundd","Case","Xundd for iP 11  Xundd for iP 11 ","not set","0","0","1"
"42UJ0","ACCESSORIES","Xundd","Case","Xundd for iP Xs Xundd for iP Xs","not set","0","0","1"
"FET8K","ACCESSORIES","Xundd","Case","Xundd for iP Xs Max Xundd for iP Xs Max","not set","0","0","1"
"2XQ3J","ACCESSORIES","Xundd","Case","Xundd for iP 13 Xundd for iP 13","not set","0","0","0"
"C0SHQ","ACCESSORIES","Xundd","Case","Xundd for iP 13 Pro Max Xundd for iP 13 Pro Max","not set","0","0","1"
"I1VNY","ACCESSORIES","Xundd","Case","Xundd for iP 13 7 Xundd for iP 13 7","not set","0","0","0"
"GTKIH","ACCESSORIES","Xundd","Case","Xundd for iP 11 Pro Max Xundd for iP 11 Pro Max","not set","0","0","0"
"XR62M","ACCESSORIES","Xundd","Case","Xundd for iP 7 Plus Xundd for iP 7 Plus","not set","0","0","0"
"ZPQNB","ACCESSORIES","Rock","Case","Rock for iP 12 Pro Max Clear Rock for iP 12 Pro Max Clear","not set","0","0","0"
"8EGU5","ACCESSORIES","Rock","Case","Rock for iP 14  Clear Rock for iP 14  Clear","not set","0","0","0"
"HVIT1","ACCESSORIES","Rock","Case","Rock for iP 14 PM Clear Rock for iP 14 PM Clear","not set","0","0","0"
"6ZHFQ","ACCESSORIES","Rock","Case","Rock for iP 14 Pro Clear Rock for iP 14 Pro Clear","not set","0","0","0"
"J4NGE","ACCESSORIES","Rock","Case","Rock for iP 13 Pro Max Clear Rock for iP 13 Pro Max Clear","not set","0","0","0"
"8G5AR","ACCESSORIES","Rock","Case","Rock for iP 13 Pro Color Rock for iP 13 Pro Color","not set","0","0","0"
"5QG34","ACCESSORIES","Rock","Case","Rock for iP 12 Pro Max Color Rock for iP 12 Pro Max Color","not set","0","0","0"
"TUR7P","ACCESSORIES","Rock","Case","Rock for iP 13 Pro Max Color Rock for iP 13 Pro Max Color","not set","0","0","1"
"JECMQ","ACCESSORIES","Rock","Case","Rock for iP 14 Pro Max Color Rock for iP 14 Pro Max Color","not set","0","0","0"
"INVST","ACCESSORIES","Rock","Case","Rock for iP 14 Pro Max  Rock for iP 14 Pro Max ","not set","0","0","0"
"RV0IZ","PC PART","RAM","RAM DDR3 / DDR4 Desktop","Kinston DDR4 8GB 2400 Kinston DDR4 8GB 2400","not set","0","0","0"
"1UTN8","PC PART","RAM","RAM DDR3 / DDR4 Desktop","Samsung DDR5 16GB 4800 Samsung DDR5 16GB 4800","not set","0","0","0"
"not set","not set","not set","not set","AULA F3287 Wired TKL Rainbow RGB ","not set","0","0","0"
"A371C","ACCESSORIES","Keyboard","Keyboard","Keyboard - Mouse RGB Aigo Keyboard ","not set","0","0","1"
"not set","not set","not set","not set","Xiaomi Mi Desktop Monitor 27 ","not set","0","0","0"
"not set","not set","not set","not set","Xiaomi Mi Desktop Monitor 24","not set","0","0","0"
"not set","not set","not set","not set","Xiaomi Mi Monitor 24 Pro","not set","0","0","0"
"not set","not set","not set","not set","22-Inch","not set","0","0","2"
"UPQOY","ACCESSORIES","Keyboard","Keyboard","Logitech  MX Key","not set","0","0","0"
"U3ETZ","ACCESSORIES","Mouse ","Mouse","Logitech MX Master 3","not set","0","0","0"
"not set","not set","not set","not set","LENOVO Idea pad Duet 3i","not set","0","0","0"
"not set","not set","not set","not set","Samsung Galaxy Book Go","not set","0","1","0"
"not set","not set","not set","not set","ThinkPad E480 | Essential 14","not set","0","-2","0"
"not set","not set","not set","not set","EarPods with Lightning ","not set","0","0","0"
"RHZP2","APPLE","Power & Cables","EarPod","Apple EarPod Headphone 3.5mm ","not set","0","0","3"
"not set","not set","not set","not set","ROG Strix Scar 17 G733ZW","not set","0","0","0"
"not set","not set","not set","not set","AERO Gigabyte 15 4K I7-11th","not set","0","0","0"
"QKN5R","not set","MacBook Pro","MacBook Pro","MacBook Pro 13.3-inch Late 2012  i5 | 8GB | 256GB ","not set","0","0","0"
"not set","not set","not set","not set","MacBook Pro 13.3-inch 2015 98% i5/8/128GB","not set","0","0","0"
"not set","not set","not set","not set","Asus VivoBook 15 11th i3/8/256GB","not set","0","-1","0"
"not set","not set","not set","not set","Dell Monitor 24 U2419HC 99%","not set","0","0","0"
"GSELT","APPLE","iPhone","iPhone 15 Series","iPhone 15 Pro Max  256GB | Natural","not set","0","16","0"
"126EW","APPLE","Power & Cables","Power Cable","Apple Power Adapter  Magsafe 1 45W Grade-A","not set","0","0","0"
"not set","not set","not set","not set","Apple 85W MagSafe 2 COPY","not set","0","6","0"
"not set","not set","not set","not set","Apple 85W MagSafe 1 COPY","not set","0","0","0"
"not set","not set","not set","not set","Samsung Odyssey Neo G9 Curved ","not set","0","0","0"
"not set","not set","not set","not set","CHINA DHP All In One 24""","not set","0","2","0"
"not set","not set","not set","not set","Dell XPS 13-9350 13.3-Inch","not set","0","1","0"
"not set","not set","not set","not set","MacBook Pro 13.3 2016 Touch Bar Gray 99% i5/8/256G","not set","0","0","0"
"not set","not set","not set","not set","MacBook Pro 13.3 2020 M1 CPO M1/8/256GB","not set","0","10","0"
"W8AYU","ACCESSORIES","Mouse ","Mouse","FD Mouse I360T Bluetooth + UBS Wireless","19 Apr 2024","6.5","-1","19"
"A3DZ9","ACCESSORIES","Display / Audio","Display & Video","Display Adapter DP to VGA Female Video","not set","0","16","1"
"not set","not set","not set","not set","Desktop Clone Ryzen 7 3700X","not set","0","15","0"
"not set","not set","not set","not set"," MacBook 13"" 2016-2022","not set","0","5","0"
"not set","not set","not set","not set","JCPal Screen Protector for MacBook 14"" 2021","not set","0","0","0"
"not set","not set","not set","not set"," MacBook 16"" 2021","not set","0","0","0"
"not set","not set","not set","not set","XPG D50 3200Mhz RGB 8G x 2","not set","0","0","0"
"not set","not set","not set","not set","Vivobook Pro 14 OLED | K3400PA","not set","0","0","0"
"not set","not set","not set","not set","ASUS - ROG Flow Z13 GZ301ZE-LD223W 1A-BLACK","not set","0","0","0"
"TXGYN","ACCESSORIES","USB Flash","USB Flash Drive","HIKVISION M210S 3.2 16GB ","not set","0","0","3"
"not set","not set","not set","not set","MacBook Pro 13.3-inch 2018 95%","not set","0","0","0"
"not set","not set","not set","not set","Apple Mac mini 2020 99% M1/8/256GB","not set","0","0","0"
"not set","not set","not set","not set","Antec Atom V550 550 Watts","not set","0","0","0"
"not set","not set","not set","not set","24"" iMac® 4.5K display","not set","0","0","0"
"not set","not set","not set","not set","MacBook Pro 13.3 2020 i5 99% i5/8/256GB","not set","0","0","0"
"not set","not set","not set","not set","MacBook Pro 13.3-inch 2015 98% i5/8/512GB","not set","0","2","0"
"not set","not set","not set","not set","Lenovo ThinkPad T460s i5/8/512GB","not set","0","0","0"
"not set","not set","not set","not set","Dell Inspiron 15 3511 100% i5/8G/512GB","not set","0","0","0"
"not set","not set","not set","not set","ACER Aspire 3 15"" 2022 i3/4/256GB","not set","0","0","0"
"not set","not set","not set","not set","ACER Aspire 3 15"" 2022 i5/8/512GB","not set","0","0","0"
"Y83U2","PC PART","GPU","VGA GTX / RTX","MSI USED VGA 1660s 6GB","not set","0","0","0"
"EYCXN","ACCESSORIES","UGREEN","Laptop Stand","UGREEN Laptop Stand  Portable 13~15-inch","06 May 2024","9.5","0","30"
"TK751","ACCESSORIES","Headphone & Speakers","Audio Accessories"," EDIFIER   K815 USB","not set","0","0","0"
"MA90D","ACCESSORIES","Network","Wi-Fi Network","Comfast   CF-AX181 AX3000 ","not set","0","0","5"
"IZO0Y","ACCESSORIES","Mouse ","Mouse","Logitech  M185 Wireless Mouse","not set","0","0","0"
"not set","not set","not set","not set","MacBook Air 11""/13"" 2009-2017 Keyboard Replacement","not set","0","0","0"
"not set","not set","not set","not set","MacBook Pro 13""/15"" 2011-2012 Keybaord Replacement","not set","0","0","0"
"not set","not set","not set","not set","MacBook Pro 13""/15"" 2011-2012 Speaker Replacement","not set","0","0","0"
"not set","not set","not set","not set","MacBook Pro 2014-2015 Battery Replacement","not set","0","0","2"
"not set","not set","not set","not set","MacBook Pro 2014-2105 15"" Keyboard Replacement","not set","0","0","0"
"not set","not set","not set","not set","Surface Laptop 3 15"" | R5 2K (New) R5/16/256GB","not set","0","0","0"
"5E0YV","ACCESSORIES","UGREEN","Display & Video","UGREEN USB-C HUB  5 in 1 USB-C  HDMI + USB 3.0","not set","0","0","1"
"not set","not set","not set","not set","Ugreen USB-C 2.5 inch HDD Enclosure ","not set","0","0","0"
"MXKC8","ACCESSORIES","External HDD","Enclosure","UGREEN Enclosure  USB-A 2.5 inch HDD","not set","0","0","0"
"0W391","ACCESSORIES","UGREEN","Enclosure","UGREEN Enclosure  USB-A 3.5 Dock HDD","not set","0","0","2"
"not set","not set","not set","not set","Samsung 980 PRO SSD 1TB Gen 4.0","not set","0","0","0"
"31SQN","ACCESSORIES","External HDD","Enclosure","Orico Enclosure  USB-C 2.5 inch HDD","not set","0","0","8"
"SVCY2","ACCESSORIES","External HDD","Enclosure","Orico Enclosure M.2 NVMe SSD housing 10G","not set","0","0","3"
"not set","not set","not set","not set","EarPods with Lightning no Box","not set","0","4","0"
"8KBP9","ACCESSORIES","Elephant","Screen Private","Elephant for iP 14 PM  Private Elephant for iP 14 PM  Private","not set","0","0","0"
"not set","not set","not set","not set","Dell XPS 13 99% (Used) i5/8/256GB","not set","0","0","0"
"UXFBG","ACCESSORIES","Mouse ","Mouse","Wireless  Mouse Fude i210","not set","0","1","1"
"1EGI5","ACCESSORIES","Keyboard","Keyboard","XPG INFAREX  K10 Gaming Keyboard","not set","0","0","2"
"9KH84","ACCESSORIES","Mouse ","Mouse","XPG INFAREX  M20 Gaming Mouse RGB","not set","0","0","0"
"not set","not set","not set","not set","MacBook Air13.3-inch 2020 99% M1/8/256GB","not set","0","0","0"
"not set","not set","not set","not set","MacBook Air 2015 13.3 99% i5/8/512GB","not set","0","0","0"
"not set","not set","not set","not set","24"" iMac® 4.5K display 8-8 8GB/256GB 99%","not set","0","0","0"
"not set","not set","not set","not set","M1 Chip | 8GB | SSD 512GB","not set","0","0","0"
"not set","not set","not set","not set","LEVEN JS600 128GB","not set","0","0","0"
"7KDX8","PC PART","RAM","Gaming RAM RGB","XPG LANCER DDR5  16GB","not set","0","0","0"
"2MQEI","ACCESSORIES","USB HUB","USB-C HUB","Ugreen  Ugreen 2-in-1 USB 3.0 SD/TF Card","not set","0","0","0"
"O8CJN","ACCESSORIES","UGREEN","USB-C HUB","UGREEN USB C Hub   5 in 1 Type C 3.1 to 4K HDMI","not set","0","11","0"
"GPBJM","ACCESSORIES","UGREEN","Display & Video","UGREEN USB-C Hub  USB-C to HDMI+VGA Converter","01 Mar 2024","19","1","12"
"59C0F","ACCESSORIES","Keyboard","Keyboard","APOINT Wires Set   Combo Keyboard A10","01 Feb 2024","5.2","0","3"
"J0MU1","ACCESSORIES","Keyboard","Keyboard","FD Wireless keyboad Combo  EK785 2.4G Black","not set","0","0","1"
"not set","not set","not set","not set","MacBook Air 2017 13.3 99% i5/8/256GB","not set","0","0","0"
"not set","not set","not set","not set","HP EliteBook 840 G5 99% (Used) i5/8/256GB","not set","0","0","0"
"not set","not set","not set","not set","MSI GF63 Gaming 99% (Used) i7/16/512GB","not set","0","0","0"
"KW298","ACCESSORIES","Headphone & Speakers","Audio Accessories","Microlab  M660BT","not set","0","0","4"
"U94AE","ACCESSORIES","Headphone & Speakers","Audio Accessories","Microlab  M106BT Speaker (10watt)","not set","0","0","4"
"6FZPR","ACCESSORIES","Headphone & Speakers","Audio Accessories","Microlab B19","not set","0","0","0"
"not set","not set","not set","not set","MSI GF63 Thin i5 10th/16G/512GB","not set","0","0","0"
"not set","not set","not set","not set","TruPower TP300 650VA","not set","0","0","0"
"not set","not set","not set","not set","TruPower TP1250VA","not set","0","0","0"
"W5X1T","ACCESSORIES","USB Flash","USB Flash Drive","Kingston DataTraveller  32GB","not set","0","0","7"
"not set","not set","not set","not set","Kingston NV2 1TB M.2 PCIe Gen 4.0","not set","0","0","0"
"not set","not set","not set","not set","XPG DDR5 5200Mhz RGB 16GBx2","not set","0","0","0"
"not set","not set","not set","not set","Kingston NV2 250GB M.2 PCIe Gen4","not set","0","-4","0"
"IK0JD","APPLE","Power & Cables","Power Cable","Apple 3.5 mm Headphone Jack","not set","0","-1","2"
"not set","not set","not set","not set","Kingston NV2 512GB M.2 PCIe Gen4 ","not set","0","0","0"
"not set","not set","not set","not set","Mouse Fude E311","not set","0","0","0"
"not set","not set","not set","not set","Vivobook S15 | S533EA i5 11th/8G/512GB","not set","0","0","0"
"not set","not set","not set","not set","256GB","not set","0","0","1"
"not set","not set","not set","not set","XPG SX6000 Pro PCIe 1TB NVMe 3.0x4","not set","0","0","0"
"SZPNK","ACCESSORIES","Headphone & Speakers","Audio Accessories"," ROCK Space  O2 HiFi Bluetooth 5.0 Original","not set","0","0","0"
"7U6IB","ACCESSORIES","Xundd","Case","Watch Ultra 49mm Screen Protector  Watch Ultra 49mm Screen Protector ","not set","0","0","0"
"SAUZ2","ACCESSORIES","Network","Network Cable"," UGREEN Ethernet  Cable 1.5M","20 May 2024","2.5","0","1"
"not set","not set","not set","not set"," UGREEN Ethernet Cable 3M","not set","0","0","0"
"not set","not set","not set","not set"," Cable 5M","not set","0","0","1"
"not set","not set","not set","not set"," UGREEN Ethernet Cable 8M","not set","0","3","0"
"not set","not set","not set","not set"," UGREEN Ethernet Cable 10M","not set","0","0","0"
"not set","not set","not set","not set"," UGREEN Ethernet Cable 15M","not set","0","0","0"
"not set","not set","not set","not set"," UGREEN Ethernet Cable 20M","not set","0","0","1"
"L19K5","ACCESSORIES","UGREEN","Audio Accessories","UGREEN Power Cable USB-C TO LIGHTNING 1.5M White","not set","0","0","1"
"F78TU","ACCESSORIES","UGREEN","Audio Accessories","UGREEN Power Cable USB-C TO LIGHTNING 1M Black","not set","0","0","2"
"W3ENV","ACCESSORIES","UGREEN","Audio Accessories","UGREEN Power Cable USB-A TO LIGHTNING 1M","not set","0","0","2"
"C6UOW","ACCESSORIES","UGREEN","Audio Accessories","UGREEN Power Cable USB-C TO USB-C Male 1M","not set","0","0","0"
"4NT15","ACCESSORIES","UGREEN","Audio Accessories","UGREEN Power Cable USB-C TO USB-C Male 2M","not set","0","0","3"
"UWL41","ACCESSORIES","UGREEN","Audio Accessories","UGREEN Power Adapter Mini PD Adapter 20W","not set","0","0","1"
"J86YS","ACCESSORIES","UGREEN","Audio Accessories","UGREEN Power Adapter GaN PD Adapter USB-C 65W","not set","0","0","2"
"5KEYJ","ACCESSORIES","UGREEN","Audio Accessories","UGREEN FM Transmitter Bluetooth 5.0","not set","0","0","0"
"VF240","ACCESSORIES","UGREEN","Audio Accessories","UGREEN Power Adapter Dual USB-C PD Car Charger","16 Jan 2024","10.5","0","1"
"IRKG1","ACCESSORIES","UGREEN","Audio Accessories","UGREEN Wireless Presenter","not set","0","0","1"
"MAW2V","ACCESSORIES","Display / Audio","Display & Video","UGREEN Display Adapter Mini DP to HDMI + VGA","not set","0","0","0"
"T4GN9","ACCESSORIES","UGREEN","Display & Video","UGREEN Display Cable HDMI 2.1 to HDMI 1.5M Original","not set","0","0","1"
"B82IQ","APPLE","MacBook Pro","MacBook Pro","MacBook Pro 14-inch M3 Pro 2023 M3 Pro | 8GB | 512GB | Black","not set","0","0","1"
"not set","not set","not set","not set","Acer Gateway GWTN141 2022 i5/16GB/500GB","not set","0","0","0"
"not set","not set","not set","not set","Acer Gateway 2022 i3/4GB/256GB","not set","0","0","0"
"not set","not set","not set","not set","XPG Power Supply 650W","not set","0","0","0"
"43G0C","PC PART","Power Supply","Power Supply ","Orema Power Supply  500W","19 Jun 2024","24","0","2"
"34BWO","PC PART","CPU FAN","not set","SAMA Cooler S120 SAMA Cooler S120","not set","0","0","2"
"Z28X9","PC PART","Mother Board","GIGABYTE Board","GIGABYTE Motherboard  H510M H Ultra ","27 Jun 2024","62","0","2"
"RFZQK","PC PART","SSD","SSD M2 PCIe","Samsung SSD NVMe  980 1TB 3.0 Box","not set","0","0","4"
"5BNAH","PC PART","Mother Board","GIGABYTE Board","GIGABYTE  Z690 UD AX DDR4 LGA 1700","not set","0","0","0"
"not set","not set","not set","not set","Intel® Core™ i5-11400 12M Cache, up to 4.3 GHz","not set","0","0","0"
"not set","not set","not set","not set","AMD Ryzen™ 9 7900X 5.6GHz   64MB Cache 12 Core 24T","not set","0","0","0"
"not set","not set","not set","not set"," Dell Inspiron 5410 All-in-One","not set","0","0","0"
"not set","not set","not set","not set"," Dell OptiPlex 5400 All-in-One","not set","0","3","0"
"6S1H9","PC PART","SSD","SSD SATA 3","ADATA SU680 256GB","not set","0","0","5"
"not set","not set","not set","not set","LEVEN JS600 1TB SSD ","not set","0","0","0"
"not set","not set","not set","not set","LEVEN JS600 2TB SSD ","not set","0","0","0"
"not set","not set","not set","not set"," ADATA LEGEND 710 1TB M.2 SSD PCIe","not set","0","0","0"
"not set","not set","not set","not set","XPG SX6000 Pro PCIe 2TB NVMe 3.0x4","not set","0","0","0"
"not set","not set","not set","not set","iMac Retina 5K, 27 2019 99%  i9/128G/1TB SSD","not set","0","0","0"
"not set","not set","not set","not set","iMac Retina 4K 21.5-inch 2017 99% i5/8/1TB","not set","0","0","0"
"50EZ2","USED PC","Fujitsu Desktop","FUJITSU PC Desktop","FUJITSU Desktop Mini Case G3900 | 4GB | 128GB","not set","0","0","1"
"2RK80","USED PC","Lenovo Desktop","ThinkCentre","Lenovo Desktop ThinkCentre i5 | 8GB | 256GB ","not set","0","2","1"
"A2EWM","USED PC","Dell Desktop","Vostro","Dell Vostro Mini Case i5 | 8GB | 256GB ","not set","0","0","2"
"not set","not set","not set","not set","i5 | 8GB | 256GB","not set","0","0","0"
"not set","not set","not set","not set","Dell Latitude E7480 i5 7th/16/512GB","not set","0","0","0"
"not set","not set","not set","not set","Dell Latitude E7480 i7 7th/16/512GB","not set","0","0","0"
"not set","not set","not set","not set","MSI GF63 Thin 11SC i5/8GB/512GB","not set","0","0","0"
"not set","not set","not set","not set","i5 6th | 8GB | 256GB","29 Sep 2023","0","0","2"
"not set","not set","not set","not set","XPG SX6000 Pro PCIe 512GB NVMe","not set","0","0","0"
"not set","not set","not set","not set","Intel® Core™ i3-12100F   12M Cache, up to 4.30 GHz","not set","0","0","0"
"706V4","PC PART","Mother Board","GIGABYTE Board","GIGABYTE  Motherboard H610M H Ultra Durable","not set","0","0","0"
"not set","not set","not set","not set","GIGABYTE Z790 UD AX DDR4 LGA 1700","not set","0","0","0"
"ASF8B","PC PART","RAM","RAM DDR3 / DDR4 Laptop","DDR5 4800MHz LAPTOP 8GB","not set","0","0","0"
"not set","not set","not set","not set","Kingston DataTraveller 64GB","not set","0","15","0"
"not set","not set","not set","not set","MSI PRO H610M-E DDR4 Motherboard","not set","0","12","0"
"9XWBO","ACCESSORIES","Mouse ","Mouse","Logitech  MX Master 3S ","08 Aug 2023","0","0","7"
"not set","not set","not set","not set","SAMSUNG LAPTOP 3200Mhz 8G","not set","0","0","0"
"not set","not set","not set","not set","SAMSUNG LAPTOP 3200Mhz 16G","not set","0","0","0"
"not set","not set","not set","not set","MacBook Pro 15,6 Retina 2017 99% i7/16/256GB","not set","0","0","0"
"not set","not set","not set","not set","Dell Latitude E7490 i7 8th/16GB/256GB","not set","0","0","0"
"not set","not set","not set","not set","Intel® Core™ i5-12400F 18M Cache, up to 4.40 GHz 6","not set","0","0","0"
"not set","not set","not set","not set","Gaming Telson Case","not set","0","0","0"
"not set","not set","not set","not set","COOLMOON DT M2","not set","0","0","0"
"not set","not set","not set","not set","Case GameKM Robin 1","not set","0","0","0"
"GIJBX","ACCESSORIES","UGREEN","Enclosure","UGREEN Enclosure M.2 SATA/ NVMe","13 Jan 2024","19","0","5"
"GAYUI","ACCESSORIES","UGREEN","Enclosure","UGREEN Enclosure M.2 SATA","not set","0","0","0"
"WK4H3","ACCESSORIES","Keyboard","MousePad","Fantech MP902","not set","0","0","0"
"BWFCO","ACCESSORIES","Keyboard","MousePad","Fantech  MP903 agile black","not set","0","0","0"
"K5NDX","ACCESSORIES","Keyboard","MousePad","Fantech  MPR800s Black","not set","0","0","0"
"MH49G","ACCESSORIES","Keyboard","MousePad","Fantech  MP905 Mix Color","not set","0","0","1"
"not set","not set","not set","not set","Asus TUF GAMING F15 i9/32GB/1TB/3060 6GB","not set","0","21","0"
"not set","not set","not set","not set","HP EliteBook 840 G5 i5/16G/256G","not set","0","12","0"
"not set","not set","not set","not set","M.2 NVME and NGFF","not set","0","1","0"
"not set","not set","not set","not set","i5 | 8GB | 256GB | 3K","not set","0","3","0"
"not set","not set","not set","not set"," Dell XPS 16""  i7/16GB/256GB","not set","0","-1","0"
"not set","not set","not set","not set","MacBook Pro 13.3 2022 Gray M2/8/256GB 99%","not set","0","21","0"
"9BDRC","APPLE","Mac mini","Mac mini","Apple Mac mini 2022 New M2 Chip | 8GB | 256GB","not set","0","3","2"
"not set","not set","not set","not set","i5 | 4GB | 256GB ","not set","0","59","0"
"not set","not set","not set","not set"," Mouse White","not set","0","0","7"
"not set","not set","not set","not set","MSI GF75 Thin CPO 99%  i5/8GB/512GB","not set","0","0","0"
"not set","not set","not set","not set","MSI Modern 15 A10M CPO 99% i5/8GB/512GB","not set","0","0","0"
"MR4U2","ACCESSORIES","USB Flash","USB Flash Drive","SanDisk Extreme Pro SD Card 32GB ","not set","0","-1","0"
"not set","not set","not set","not set","SanDisk Extreme Pro 128GB ","not set","0","0","0"
"not set","not set","not set","not set","SanDisk Extreme Pro 256GB ","not set","0","0","0"
"8WMDV","ACCESSORIES","UPS & Power Bank","OREMA","Battery UPS 1 Pic","not set","0","4","0"
"OK8BY","ACCESSORIES","Display / Audio","Display & Video","Display Adapter DP to HDMI","not set","0","0","3"
"ZI8VT","ACCESSORIES","Display / Audio","Display & Video","Unitek Display Adapter DP to HDMI","not set","0","-1","1"
"4DQ2J","ACCESSORIES","Keyboard","Keyboard","AULA Mechanical  Gaming Keyboard T600 Set","not set","0","0","0"
"RV7MZ","ACCESSORIES","Keyboard","Keyboard","AULA Mechanical Gaming Keyboard T500 Set","not set","0","0","1"
"16TFH","ACCESSORIES","Keyboard","Keyboard","AULA Mechanical   Gaming Keyboard T400 Set","not set","0","1","2"
"M0ADW","ACCESSORIES","Keyboard","Keyboard","AULA Mechanical   Gaming 87 Key F2067 Light","not set","0","0","1"
"WL9Y3","ACCESSORIES","Keyboard","Keyboard","AULA Mechanical   Gaming 87 Key F2088 Black","not set","0","0","2"
"3A8E5","ACCESSORIES","Mouse ","Mouse","AULA Gaming Mouse F820 Light ","not set","0","0","4"
"E0DVN","ACCESSORIES","Mouse ","Mouse","Logitech M190 Wireless Mouse Blue","not set","0","0","1"
"NKWTX","ACCESSORIES","Network","Wi-Fi Network","TP-LINK TL-SF1005D  5-Port 10/100Mbps Switc","not set","0","0","0"
"5LFUV","ACCESSORIES","Network","Wi-Fi Network","TP-LINK TL-SF1008D  8-Port 10/100Mbps Switch","not set","0","26","5"
"XOS1N","ACCESSORIES","Network","Wi-Fi Network","TP-LINK TL-SG1008D  8-Port Gigabit Switch","not set","0","12","1"
"not set","not set","not set","not set","Orema Power Supply 750W","not set","0","0","0"
"not set","not set","not set","not set","1910 R8 Gaming Keyboard and Mouse","not set","0","0","0"
"4MPRO","ACCESSORIES","USB Flash","USB Flash Drive","HIKVISION M210S 3.2 128GB","18 Oct 2023","7","-1","10"
"54QCO","ACCESSORIES","UGREEN","Display & Video","UGREEN Card Reader Multifuntion Card Reader","not set","0","19","7"
"not set","not set","not set","not set","Apple Magic Mouse 2021","not set","0","0","0"
"4MAK6","APPLE","Power & Cables","Power Cable","Apple Watch Fast Charger USB C Full Box","not set","0","1","0"
"YRQ84","ACCESSORIES","UGREEN","Power Cable","UGREEN  Mini USB Cable USB","not set","0","0","1"
"KPYQG","ACCESSORIES","Webcam","Webcam","Logitech C920E Webcam (1080p/30FPS)","not set","0","6","0"
"7AQHD","ACCESSORIES","Webcam","Webcam","Logitech C920-Pro 1080P + Autofocus","not set","0","0","2"
"S6IDF","ACCESSORIES","Webcam","Webcam","Logitech C930C 1080P 30FPS Business","not set","0","0","0"
"4TKHF","ACCESSORIES","Webcam","Webcam","Logitech StreamCam (1080p/60FPS)","not set","0","0","0"
"GDYTN","PC PART","RAM","Gaming RAM RGB","XPG R D35G DDR4  16GB","not set","0","0","8"
"not set","not set","not set","not set","G.Skill F4-3200 16GB","not set","0","0","0"
"CWHOI","ACCESSORIES","Mouse ","Mouse","Logitech SILENT PLUS M331 ","not set","0","0","7"
"STMYN","ACCESSORIES","Mouse ","Mouse","ALIENWARE AW610M","not set","0","0","0"
"LZKN4","ACCESSORIES","Mouse ","Mouse","Logitech  G Pro Wireless","not set","0","0","1"
"not set","not set","not set","not set","New Inno3D GTX 1660S 6GB","not set","0","0","0"
"QGKN0","ACCESSORIES","Keyboard","Keyboard","AULA T630 Set Keyboard + Mouse RGB","not set","0","0","5"
"DN5JK","ACCESSORIES","Headphone & Speakers","Audio Accessories","AULA  S502 Headset Gaming","not set","0","0","7"
"PVOXH","ACCESSORIES","Keyboard","Keyboard","AULA F3061   RGB 61 Keys Wired","not set","0","0","3"
"X3HQT","ACCESSORIES","Headphone & Speakers","Audio Accessories","AULA Speaker  Speaker N69","07 Dec 2023","5.5","0","6"
"4YWGD","ACCESSORIES","Headphone & Speakers","Audio Accessories","AULA Speaker N521","not set","0","0","2"
"not set","not set","not set","not set","M1 | 8GB | 256GB | Spac Gray","not set","0","0","6"
"not set","not set","not set","not set","M1 | 8GB | 256GB | Gold","not set","0","0","1"
"not set","not set","not set","not set","M1 | 8GB | 256GB | Silver","not set","0","0","0"
"7ORUQ","APPLE","AirPod","not set","Apple AirPods Series | AirPods 3","not set","0","1","0"
"7ORUQ","APPLE","AirPod","not set","Apple AirPods Series | AirPods Pro 2","not set","0","1","1"
"7ORUQ","APPLE","AirPod","not set","Apple AirPods Series | AirPods Max","not set","0","0","1"
"IS6VL","APPLE","HomePod","not set","HomePod mini White","not set","0","4","0"
"IS6VL","APPLE","HomePod","not set","HomePod mini Red","not set","0","0","0"
"IS6VL","APPLE","HomePod","not set","HomePod mini Blue","not set","0","0","0"
"not set","not set","not set","not set","i5 | 32GB | 1TB ","not set","0","0","2"
"not set","not set","not set","not set","i5 | 8GB | 256GB ","not set","0","0","1"
"not set","not set","not set","not set","i5 | 16GB | 512GB ","not set","0","1","0"
"QKN5R","not set","MacBook Pro","MacBook Pro","MacBook Pro 13.3-inch Late 2012  i5 | 8GB | 512GB ","not set","0","1","0"
"3Z4E6","USED MAC","MacBook Pro","MacBook Pro","MacBook Pro 13.3-inch 2014 i5 | 8GB | 256GB ","29 Sep 2023","0","3","5"
"3Z4E6","USED MAC","MacBook Pro","MacBook Pro","MacBook Pro 13.3-inch 2014 i5 | 8GB | 512GB ","not set","0","1","1"
"not set","not set","not set","not set","i5 | 8GB | 256GB ","29 Sep 2023","0","13","3"
"not set","not set","not set","not set","i5 | 8GB | 512GB ","not set","0","1","0"
"not set","not set","not set","not set","i5 | 8GB | 512GB ","not set","0","9","0"
"not set","not set","not set","not set","i5 | 16GB | 256GB ","not set","0","0","1"
"not set","not set","not set","not set","i7 | 8GB | 256GB | 3K","not set","0","6","0"
"not set","not set","not set","not set","i5 6th | 16GB | 512GB","not set","0","0","4"
"not set","not set","not set","not set","i5 | 16GB | 512GB","not set","0","0","0"
"not set","not set","not set","not set","i7 | 8GB | 256GB","not set","0","2","0"
"not set","not set","not set","not set","i7 | 16GB | 256GB","not set","0","0","0"
"not set","not set","not set","not set","i5 8th | 8GB | 256GB","29 Sep 2023","0","0","1"
"not set","not set","not set","not set","i5 8th | 16GB | 256GB","not set","0","8","1"
"not set","not set","not set","not set","i7 8th | 16GB | 256GB","not set","0","2","1"
"not set","not set","not set","not set","i7 7th | 16GB | 512GB","not set","0","5","1"
"GWXPL","ACCESSORIES","USB HUB","USB-C HUB","ORICO USB Hub  USB-A to USB-A 4 Port ","not set","0","0","5"
"6S1H9","PC PART","SSD","SSD SATA 3","ADATA SU680 512GB","not set","0","2","13"
"IEFUQ","USED PC","Dell Desktop","DELL PC (Used)","Dell Optiplex 7050 Mini SFF  i5 | 8GB | 512GB ","not set","0","0","1"
"A2EWM","USED PC","Dell Desktop","Vostro","Dell Vostro Mini Case i5 | 8GB | 512GB ","not set","0","8","0"
"A2EWM","USED PC","Dell Desktop","Vostro","Dell Vostro Mini Case i5 | 16GB | 256GB ","not set","0","0","0"
"A2EWM","USED PC","Dell Desktop","Vostro","Dell Vostro Mini Case i5 | 16GB | 512GB ","not set","0","1","0"
"50EZ2","USED PC","Fujitsu Desktop","FUJITSU PC Desktop","FUJITSU Desktop Mini Case i3 | 4GB | 128GB","not set","0","0","1"
"50EZ2","USED PC","Fujitsu Desktop","FUJITSU PC Desktop","FUJITSU Desktop Mini Case i3 | 8GB | 256GB","not set","0","9","0"
"50EZ2","USED PC","Fujitsu Desktop","FUJITSU PC Desktop","FUJITSU Desktop Mini Case i5 | 8GB | 256GB","not set","0","0","0"
"2RK80","USED PC","Lenovo Desktop","ThinkCentre","Lenovo Desktop ThinkCentre i5 | 8GB | 512GB ","not set","0","0","0"
"2RK80","USED PC","Lenovo Desktop","ThinkCentre","Lenovo Desktop ThinkCentre i5 | 16GB | 256GB ","not set","0","0","0"
"2RK80","USED PC","Lenovo Desktop","ThinkCentre","Lenovo Desktop ThinkCentre i5 | 16GB | 512GB ","not set","0","0","0"
"N4JAB","APPLE","Power & Cables","Power Cable","Apple Power Adapter 20W US USB-C","not set","0","0","7"
"N4JAB","APPLE","Power & Cables","Power Cable","Apple Power Adapter 20W ZP USB-C","not set","0","0","0"
"N4JAB","APPLE","Power & Cables","Power Cable","Apple Power Adapter 30W US USB-C","not set","0","0","0"
"N4JAB","APPLE","Power & Cables","Power Cable","Apple Power Adapter 35W US USB-C","not set","0","0","0"
"N4JAB","APPLE","Power & Cables","Power Cable","Apple Power Adapter 61W US USB-C","not set","0","6","1"
"N4JAB","APPLE","Power & Cables","Power Cable","Apple Power Adapter 87W US USB-C","not set","0","0","0"
"N4JAB","APPLE","Power & Cables","Power Cable","Apple Power Adapter 140W US USB-C","not set","0","0","2"
"126EW","APPLE","Power & Cables","Power Cable","Apple Power Adapter  Magsafe 1 60W Grade-A","not set","0","0","6"
"126EW","APPLE","Power & Cables","Power Cable","Apple Power Adapter  Magsafe 1 87W Grade-A","not set","0","0","0"
"I5L94","APPLE","Power & Cables","Power Cable","Apple Power Adapter Magsafe 2 45W","30 Jan 2024","18","0","2"
"I5L94","APPLE","Power & Cables","Power Cable","Apple Power Adapter Magsafe 2 60W","30 Jan 2024","17","0","12"
"I5L94","APPLE","Power & Cables","Power Cable","Apple Power Adapter Magsafe 2 85W","30 Jan 2024","18","0","8"
"4MAK6","APPLE","Power & Cables","Power Cable","Apple Watch Fast Charger USB C No Box","not set","0","0","2"
"4MAK6","APPLE","Power & Cables","Power Cable","Apple Watch Fast Charger USB A No Box","not set","0","0","1"
"RHZP2","APPLE","Power & Cables","EarPod","Apple EarPod Lightning Cable","08 Aug 2023","21","0","2"
"RHZP2","APPLE","Power & Cables","EarPod","Apple EarPod Lightning No Box","not set","0","0","0"
"TXGYN","ACCESSORIES","USB Flash","USB Flash Drive","HIKVISION M210S 3.2 32GB ","18 Oct 2023","3.2","0","15"
"TXGYN","ACCESSORIES","USB Flash","USB Flash Drive","HIKVISION M210S 3.2 64GB","18 Oct 2023","4","0","3"
"not set","not set","not set","not set","64GB","not set","0","0","0"
"not set","not set","not set","not set","128GB","not set","0","0","0"
"not set","not set","not set","not set","256GB","not set","0","0","0"
"W5X1T","ACCESSORIES","USB Flash","USB Flash Drive","Kingston DataTraveller  64GB","not set","0","0","10"
"MR4U2","ACCESSORIES","USB Flash","USB Flash Drive","SanDisk Extreme Pro SD Card 64GB","not set","0","-14","4"
"MR4U2","ACCESSORIES","USB Flash","USB Flash Drive","SanDisk Extreme Pro SD Card 128GB","not set","0","-2","0"
"MR4U2","ACCESSORIES","USB Flash","USB Flash Drive","SanDisk Extreme Pro SD Card 256GB","not set","0","1","0"
"Q0UM1","ACCESSORIES","External HDD","External Drive","SE800 ADATA External SSD  1000G","not set","0","0","0"
"T8K7Z","ACCESSORIES","External HDD","External Drive","StoreJet 25C3S Type-C External 2000G","03 Feb 2024","75","0","4"
"OM8GW","ACCESSORIES","External HDD","External Drive","StoreJet 25H3 | Portable External 2TB","09 Dec 2023","65","1","7"
"OM8GW","ACCESSORIES","External HDD","External Drive","StoreJet 25H3 | Portable External 3TB","not set","0","0","0"
"OM8GW","ACCESSORIES","External HDD","External Drive","StoreJet 25H3 | Portable External 4TB","09 Dec 2023","108","1","6"
"GWXPL","ACCESSORIES","USB HUB","USB-C HUB","ORICO USB Hub  USB-C to USB-A 4 Port","not set","0","0","3"
"MXKC8","ACCESSORIES","External HDD","Enclosure","UGREEN Enclosure  USB-C 2.5 inch HDD","not set","0","58","0"
"EYCXN","ACCESSORIES","UGREEN","Laptop Stand","UGREEN Laptop Stand  Tablet Stand Holder","14 Nov 2023","21","1","12"
"N1FYG","PC PART","Intel CPU","INTEL CPU","12th Generation Intel® Core i3 12100F Processors","not set","0","0","0"
"N1FYG","PC PART","Intel CPU","INTEL CPU","12th Generation Intel® Core i5 12400F Processors","22 Nov 2023","146","0","0"
"N1FYG","PC PART","Intel CPU","INTEL CPU","12th Generation Intel® Core i5 12400 Processors","22 Nov 2023","126","9","0"
"N1FYG","PC PART","Intel CPU","INTEL CPU","12th Generation Intel® Core i7 12700 Processors","not set","0","2","0"
"N1FYG","PC PART","Intel CPU","INTEL CPU","12th Generation Intel® Core i7 12700KF Processors","not set","0","4","0"
"N1FYG","PC PART","Intel CPU","INTEL CPU","12th Generation Intel® Core i9 12900 Processors","not set","0","0","0"
"N1FYG","PC PART","Intel CPU","INTEL CPU","12th Generation Intel® Core i9 12900KS Processors","not set","0","0","0"
"54XJK","PC PART","CPU FAN","not set","JONSBO CPU FAN CR1400 EVO","not set","0","0","1"
"54XJK","PC PART","CPU FAN","not set","JONSBO CPU FAN CR1000 EVO","not set","0","0","1"
"Z28X9","PC PART","Mother Board","GIGABYTE Board","GIGABYTE Motherboard B560M H Ultra ","not set","0","0","0"
"706V4","PC PART","Mother Board","GIGABYTE Board","GIGABYTE  Motherboard B660M DS3H AX","not set","0","0","0"
"5BNAH","PC PART","Mother Board","GIGABYTE Board","GIGABYTE  Z790 UD AX DDR4 LGA 1700 ","not set","0","0","0"
"E1ZOR","PC PART","RAM","Gaming RAM RGB","XPG D50 3200Mhz  (8x2) 16GB","not set","0","0","0"
"E1ZOR","PC PART","RAM","Gaming RAM RGB","XPG D50 3200Mhz   16GB","not set","0","0","1"
"E1ZOR","PC PART","RAM","Gaming RAM RGB","XPG D50 3200Mhz  32GB","not set","0","0","0"
"7KDX8","PC PART","RAM","Gaming RAM RGB","XPG LANCER DDR5  32GB","not set","0","0","0"
"GDYTN","PC PART","RAM","Gaming RAM RGB","XPG R D35G DDR4  (16x2) 32GB","not set","0","0","0"
"JSZK5","PC PART","RAM","RAM DDR3 / DDR4 Desktop","DDR4 3200MHz DESKTOP 8GB","not set","0","0","3"
"JSZK5","PC PART","RAM","RAM DDR3 / DDR4 Desktop","DDR4 3200MHz DESKTOP 16GB","not set","0","0","0"
"JSZK5","PC PART","RAM","RAM DDR3 / DDR4 Desktop","DDR4 3200MHz DESKTOP 32GB","not set","0","0","0"
"RACUI","PC PART","RAM","RAM DDR3 / DDR4 Laptop","DDR3 / 3L LAPTOP 4GB","not set","0","0","1"
"RACUI","PC PART","RAM","RAM DDR3 / DDR4 Laptop","DDR3 / 3L LAPTOP 8GB","not set","0","0","8"
"7WRMG","PC PART","RAM","RAM DDR3 / DDR4 Laptop","DDR4 3200MHz LAPTOP 16GB Original","not set","0","0","1"
"7WRMG","PC PART","RAM","RAM DDR3 / DDR4 Laptop","DDR4 3200MHz LAPTOP 32GB Original","not set","0","0","1"
"ASF8B","PC PART","RAM","RAM DDR3 / DDR4 Laptop","DDR5 4800MHz LAPTOP 16GB","not set","0","0","3"
"ASF8B","PC PART","RAM","RAM DDR3 / DDR4 Laptop","DDR5 4800MHz LAPTOP 32GB","not set","0","0","0"
"ASF8B","PC PART","RAM","RAM DDR3 / DDR4 Laptop","DDR5 4800MHz LAPTOP 64GB","not set","0","0","0"
"FTQSB","PC PART","SSD","HDD Desktop / Laptop","Internal Hard Disk 3.5 2TB","not set","0","0","4"
"FTQSB","PC PART","SSD","HDD Desktop / Laptop","Internal Hard Disk 3.5 4TB","not set","0","0","2"
"FTQSB","PC PART","SSD","HDD Desktop / Laptop","Internal Hard Disk 3.5 6TB USED","not set","0","0","1"
"9GO2B","PC PART","SSD","SSD M2 PCIe","ADATA LEGEND 710 512GB","22 Oct 2023","23","0","7"
"9GO2B","PC PART","SSD","SSD M2 PCIe","ADATA LEGEND 710 1TB","06 Jun 2024","61","0","7"
"9GO2B","PC PART","SSD","SSD M2 PCIe","ADATA LEGEND 710 2TB","not set","0","0","0"
"RFZQK","PC PART","SSD","SSD M2 PCIe","Samsung SSD NVMe  980 Pro 1TB 4.0 Box","not set","0","0","3"
"RFZQK","PC PART","SSD","SSD M2 PCIe","Samsung SSD NVMe  980 Pro 2TB 4.0 No Box","not set","0","0","5"
"RFZQK","PC PART","SSD","SSD M2 PCIe","Samsung SSD NVMe  990 Pro 1TB 4.0 Box","not set","0","0","0"
"not set","not set","not set","not set","512GB","not set","0","6","1"
"not set","not set","not set","not set","1TB","12 Jan 2024","53","0","10"
"not set","not set","not set","not set","2TB","not set","0","0","2"
"6S1H9","PC PART","SSD","SSD SATA 3","ADATA SU680 1TB","03 Nov 2023","36","0","5"
"6S1H9","PC PART","SSD","SSD SATA 3","ADATA SU680 2TB","not set","0","0","0"
"not set","not set","not set","not set","256GB","not set","0","0","2"
"not set","not set","not set","not set","512GB","not set","0","0","0"
"not set","not set","not set","not set","1TB","not set","0","5","7"
"CO518","PC PART","SSD","SSD SATA 3","SAMSUNG 870 QVO 1TB","not set","0","0","0"
"CO518","PC PART","SSD","SSD SATA 3","SAMSUNG 870 QVO 2TB","not set","0","0","1"
"Y83U2","PC PART","GPU","VGA GTX / RTX","MSI USED VGA RX6600 8GB","not set","0","0","0"
"YT4WK","PC PART","GPU","VGA GTX / RTX","MSI VGA   GTX 1650 D6 VENTUS ","13 Mar 2024","132","0","1"
"8WMDV","ACCESSORIES","UPS & Power Bank","OREMA","Battery UPS 2 Pics","not set","0","0","1"
"43G0C","PC PART","Power Supply","Power Supply ","Orema Power Supply  750W","19 Jun 2024","34","0","5"
"V72IE","PC PART","Power Supply","Power Supply ","SAMA Power Supply  550W","19 Nov 2023","22","0","4"
"V72IE","PC PART","Power Supply","Power Supply ","SAMA Power Supply  750W","not set","0","0","3"
"V72IE","PC PART","Power Supply","Power Supply ","SAMA Power Supply  750W GOLD","05 Nov 2023","49","0","1"
"EIHC1","PC PART","Power Supply","Power Supply ","XPGPower Supply  650W","not set","0","0","0"
"37ITE","MONITOR","Dell Monitor","Dell Monitor","Dell 22 Monitor 2022 SE2422HR 24-Inch","not set","0","0","0"
"71M05","MONITOR","Dell Monitor","Dell Monitor","Dell Monitor 2021 S2721HN 27-Inch","not set","0","3","1"
"not set","not set","not set","not set","24-Inch","not set","0","0","4"
"not set","not set","not set","not set","24-Inch PRO ","not set","0","-2","0"
"not set","not set","not set","not set","27-Inch ","not set","0","0","9"
"not set","not set","not set","not set","DHI-LM24-B200S​​  100Hz Monitor","15 Aug 2023","75","0","4"
"not set","not set","not set","not set","24-inch 100Hz IPS Monitor","18 Oct 2023","78","0","21"
"54QCO","ACCESSORIES","UGREEN","Display & Video","UGREEN Card Reader USB 3.0 Card Reader","not set","0","0","9"
"G3WB7","ACCESSORIES","Display / Audio","Video Accessories","DTECH Display Cable Display Port Cable 3M","not set","0","0","0"
"G3WB7","ACCESSORIES","Display / Audio","Video Accessories","DTECH Display Cable DP to HDM Cable 1.8M","not set","0","0","1"
"not set","not set","not set","not set","R7 4800 | 16 | 512GB","29 Sep 2023","0","13","1"
"not set","not set","not set","not set","R7 4800 | 32 | 1TB","not set","0","0","0"
"3RPLD","ACCESSORIES","Mouse ","Mouse","ASUS TUF  GAMING M3 2022","27 Oct 2023","15","0","9"
"J86YS","ACCESSORIES","UGREEN","Audio Accessories","UGREEN Power Adapter GaN PD 20W USB C Charger","not set","0","0","2"
"EYM6I","USED PC","Dell","XPS","XPS 13 9350 High Performance i5 6th | 8GB | 256GB","29 Sep 2023","0","0","19"
"not set","not set","not set","not set","i5 8th | 20GB | 256GB","29 Sep 2023","0","-1","6"
"not set","not set","not set","not set","i5 8th | 20GB | 512GB","not set","0","89","1"
"NHAYT","USED PC","Dell","XPS","XPS 13 9360 | 3K Display i5 7th | 8GB | 256GB ","not set","0","5","2"
"NHAYT","USED PC","Dell","XPS","XPS 13 9360 | 3K Display i5 7th | 8GB | 512GB","not set","0","3","0"
"BTR6Y","ACCESSORIES","Keyboard","Keyboard","UGREEN Wireless Mouse and Keyboard","20 Aug 2023","15","0","3"
"BTR6Y","ACCESSORIES","Keyboard","Keyboard","UGREEN Wireless Keyboard","20 Aug 2023","9.5","0","4"
"R94VX","USED PC","Dell","Precision & XPS","Dell XPS 9560 Design  i7 7700HQ | 16GB | 512GB ","29 Sep 2023","0","1","7"
"R94VX","USED PC","Dell","Precision & XPS","Dell XPS 9560 Design  i7 7700HQ | 32GB | 1TB ","not set","0","0","0"
"ABDP4","ACCESSORIES","Network","Wi-Fi Network","USB WIFI T2U Nano AC600 Nano ","not set","0","0","7"
"not set","not set","not set","not set","i7 8700H | 16GB | 512GB","29 Sep 2023","0","0","0"
"not set","not set","not set","not set","i7 8700H | 32GB | 1TB","not set","0","0","0"
"not set","not set","not set","not set","i7 10750H | 16GB | 512GB | 2060","29 Sep 2023","0","0","0"
"not set","not set","not set","not set","i7 10750H | 32GB | 1TB | 2060","not set","0","0","0"
"not set","not set","not set","not set","i3 | 4GB | 256GB","29 Sep 2023","0","-1","0"
"not set","not set","not set","not set","i3 | 4GB | 512GB","not set","0","-7","0"
"not set","not set","not set","not set","i5 | 16GB | 256GB","29 Sep 2023","0","0","1"
"not set","not set","not set","not set","i5 | 16GB | 512GB","not set","0","0","0"
"ABDP4","ACCESSORIES","Network","Wi-Fi Network","USB WIFI TP-LINK USB 300Mb/s","17 May 2024","6.47","0","13"
"not set","not set","not set","not set","S2716Q | 27-inch 2K","10 Oct 2023","180","0","2"
"not set","not set","not set","not set","T3252U | 32-inch 4K","10 Oct 2023","230","0","2"
"I0ARP","ACCESSORIES","UPS & Power Bank","OREMA","TruPower UPS 650VA","19 Oct 2023","24","5","12"
"I0ARP","ACCESSORIES","UPS & Power Bank","OREMA","TruPower UPS 1250VA","19 Oct 2023","49","4","6"
"HL4UP","ACCESSORIES","UGREEN","USB-C HUB","UGREEN USB-C Hub USB-C to USB A","19 Oct 2023","2.5","3","3"
"14UKR","ACCESSORIES","UGREEN","Laptop Stand","UGREEN Vertical Laptop Stand Single Slot","25 Oct 2023","15","2","1"
"14UKR","ACCESSORIES","UGREEN","Laptop Stand","UGREEN Vertical Laptop Stand Dual Slot","25 Oct 2023","17","0","0"
"SAUZ2","ACCESSORIES","Network","Network Cable"," UGREEN Ethernet  Cable 3M","20 May 2024","3","0","2"
"SAUZ2","ACCESSORIES","Network","Network Cable"," UGREEN Ethernet  Cable 5M","not set","0","28","1"
"SAUZ2","ACCESSORIES","Network","Network Cable"," UGREEN Ethernet  Cable 8M","20 May 2024","5","2","2"
"SAUZ2","ACCESSORIES","Network","Network Cable"," UGREEN Ethernet  Cable 8M","not set","0","7","2"
"SAUZ2","ACCESSORIES","Network","Network Cable"," UGREEN Ethernet  Cable 10M","20 May 2024","6","24","1"
"SAUZ2","ACCESSORIES","Network","Network Cable"," UGREEN Ethernet  Cable 15M","20 May 2024","8","8","1"
"SAUZ2","ACCESSORIES","Network","Network Cable"," UGREEN Ethernet  Cable 20M","20 May 2024","9.9","2","1"
"not set","not set","not set","not set","DHI-LM27-A201E​​  27-inch 75Hz ","29 Oct 2023","99","0","15"
"RT3OI","ACCESSORIES","Keyboard","Keyboard","AOC Mouse Keyboard   KM100 RGB Light","01 Nov 2023","6","0","4"
"GVY2E","ACCESSORIES","UGREEN","Video Accessories","UGREEN Display Cable USB C To Display port 8K","05 Nov 2023","14","-1","2"
"D0GVM","ACCESSORIES","Mouse ","Mouse","Dell Wireless Mouse MW126","10 Nov 2023","3.5","-2","14"
"Q4LSK","ACCESSORIES","UGREEN","Power Cable","UGreen  USB-C to USB-C Cable 1,5M","14 Nov 2023","8","-3","1"
"J86YS","ACCESSORIES","UGREEN","Audio Accessories","UGREEN Power Adapter GaN Nexode 300W 5-Port","14 Nov 2023","76","8","1"
"16W0A","USED PC","China AiO","CHINA AIO 24""","China AiO Desktop i5 | 8GB | 128GB ","12 Apr 2024","133","-3","33"
"not set","not set","not set","not set","24 P2719H 99%","22 Nov 2023","125","-1","3"
"R67LE","PC PART","SSD","SSD M2 PCIe","Lexar M.2 NVME Gen3 256GB","24 Nov 2023","18","0","2"
"R67LE","PC PART","SSD","SSD M2 PCIe","Lexar M.2 NVME Gen3 1000GB","02 Dec 2023","38","0","5"
"16L8M","ACCESSORIES","USB Flash","USB Flash Drive","Lexar S80 USB 3.1 256GB","24 Nov 2023","14","0","3"
"RQ4CU","ACCESSORIES","External HDD","Enclosure","Lexar PEA06 NVMe Enclosure ","24 Nov 2023","13.5","0","6"
"HMCWV","PC PART","SSD","SSD SATA 3","Lexar SSD NS100 512GB","24 Nov 2023","24","0","2"
"HMCWV","PC PART","SSD","SSD SATA 3","Lexar SSD NS100 2000GB","12 Dec 2023","80","-4","2"
"16W0A","USED PC","China AiO","CHINA AIO 24""","China AiO Desktop i5 | 8GB | 256GB ","not set","0","9","2"
"16W0A","USED PC","China AiO","CHINA AIO 24""","China AiO Desktop i5 | 8GB |512GB ","not set","0","0","1"
"16W0A","USED PC","China AiO","CHINA AIO 24""","China AiO Desktop i5 | 8GB |1TB ","not set","0","-5","0"
"LN47G","MONITOR","WATASHI","WATASHI Monitor","WATASHI  MF2403-V-1 | 24"" FHD IPS","01 Feb 2024","73","-12","25"
"8493N","ACCESSORIES","Webcam","Webcam","Logitech C310 HD Webcam","02 Dec 2023","25","-12","4"
"X2WL4","ACCESSORIES","Webcam","Webcam","UGREEN USB Webcam FHD 1080P","19 Feb 2024","19.5","-1","6"
"I0FPE","ACCESSORIES","UGREEN","Laptop Stand","UGREEN  Car Phone Holder","04 Dec 2023","7","-1","0"
"I0FPE","ACCESSORIES","UGREEN","Laptop Stand","UGREEN  Tablet Stand ( Black & White )","04 Dec 2023","3.5","-1","1"
"9FXBN","ACCESSORIES","UGREEN","Audio Accessories","UGREEN Audio Cable Audio 3.5mm to 3.5mm 5m","19 Apr 2024","4","-7","3"
"9LW3S","ACCESSORIES","UGREEN","Display & Video","UGREEN Micro HDMI to HDMI Adapter","04 Dec 2023","3.5","-33","0"
"9LW3S","ACCESSORIES","UGREEN","Display & Video","UGREEN Micro HDMI to HDMI  Cable","04 Dec 2023","5","-4","0"
"HG6SL","ACCESSORIES","Headphone & Speakers","Audio Accessories","Headset  TUCCI L770","06 Dec 2023","2.5","-2","1"
"HG6SL","ACCESSORIES","Headphone & Speakers","Audio Accessories","Headset  EKSA T8","06 Dec 2023","8","-1","6"
"HG6SL","ACCESSORIES","Headphone & Speakers","Audio Accessories","Headset  LECOO HT403","06 Dec 2023","15","0","6"
"SVPEF","ACCESSORIES","UPS & Power Bank","Power Bank","Ugreen for Laptop Power Bank 100W | 25000mAh","06 Dec 2023","56","-4","2"
"EHFVJ","ACCESSORIES","UPS & Power Bank","Power Bank","Ugreen for Laptop Power Bank Magnetic Battery | 10000mAh","06 Dec 2023","30","-4","2"
"BTG8M","ACCESSORIES","UPS & Power Bank","Power Bank","UGREEN USB-A+C Ultra Slim  Power Bank 10000mAh","06 Dec 2023","20","-8","1"
"HMCWV","PC PART","SSD","SSD SATA 3","Lexar SSD NS100 256GB","06 Dec 2023","16","-2","20"
"12IZ4","ACCESSORIES","Headphone & Speakers","Audio Accessories","AULA Speaker  Speaker N108","07 Dec 2023","5.5","-3","6"
"JY0LE","ACCESSORIES","Headphone & Speakers","Audio Accessories","AULA Speaker  Speaker N525","07 Dec 2023","4.5","-5","6"
"J86YS","ACCESSORIES","UGREEN","Audio Accessories","UGREEN Power Adapter Nexode 30W USB C Pink","12 Dec 2023","13","-6","1"
"J86YS","ACCESSORIES","UGREEN","Audio Accessories","UGREEN Power Adapter Nexode 30W USB C Black","12 Dec 2023","13","-5","0"
"J86YS","ACCESSORIES","UGREEN","Audio Accessories","UGREEN Power Adapter Nexode 45W USB C Black","12 Dec 2023","19","-6","2"
"J86YS","ACCESSORIES","UGREEN","Audio Accessories","UGREEN Power Adapter 30W USB C Black","not set","0","0","1"
"VZ1BN","ACCESSORIES","Display / Audio","Display & Video","DTECH Display Adapter DT-7144 4K*2K HDMI Split 4","not set","0","-1","0"
"X4TA0","ACCESSORIES","UGREEN","Display & Video","UGREEN USB-C Hub 10 in 1  HDMI ,VGA , Ethernet","19 Feb 2024","33","-2","10"
"RQ7B5","MONITOR","WATASHI","WATASHI Monitor","WATASHI  MQ270A-K | 27"" 2K IPS 75Hz","01 Feb 2024","145","-2","15"
"7N02X","MONITOR","WATASHI","WATASHI Monitor","WATASHI  MZ320G-Y | 32"" 2K 165Hz","01 Feb 2024","240","0","2"
"5LP4D","MONITOR","WATASHI","WATASHI Monitor","WATASHI  MZ270A-K | 27"" 2K 165Hz","01 Feb 2024","190","-1","3"
"RFZQK","PC PART","SSD","SSD M2 PCIe","Samsung SSD NVMe  990 Pro 2TB 4.0 No Box","not set","0","-37","1"
"HMCWV","PC PART","SSD","SSD SATA 3","Lexar SSD NS100 1000GB","11 Jan 2024","49","-5","2"
"HMCWV","PC PART","SSD","SSD SATA 3","Lexar SSD NS100 2000GB","not set","0","-14","2"
"QHL42","ACCESSORIES","UGREEN","Audio Accessories","UGREEN Power Adapter USB-C PD + USB-A 130W","16 Jan 2024","17","-16","1"
"5BNAH","PC PART","Mother Board","GIGABYTE Board","GIGABYTE  Z790 UD AX DDR5LGA 1700 ","not set","0","0","0"
"8DCFR","ACCESSORIES","Display / Audio","Audio Accessories","FANTECH  USB Microphone MCX01 LEVIOSA","24 Jan 2024","27","0","1"
"L9NSK","ACCESSORIES","Display / Audio","Audio Accessories","UGREEN Micro Phone Desktop USB Microphone Kit","24 Jan 2024","10.5","0","3"
"W5X1T","ACCESSORIES","USB Flash","USB Flash Drive","Kingston DataTraveller  16GB","not set","0","26","0"
"EYM6I","USED PC","Dell","XPS","XPS 13 9350 High Performance i7 6th | 8GB | 256GB","not set","0","-1","6"
"5K127","ACCESSORIES","External HDD","External Drive","Transcend Portable SSD 1000G","03 Feb 2024","80","-1","1"
"NHAYT","USED PC","Dell","XPS","XPS 13 9360 | 3K Display i7 7th | 8GB | 256GB","not set","0","0","1"
"P3VIN","ACCESSORIES","External HDD","Enclosure","SSK Enclosure  USB-C 2.5 inch HDD|SSD","03 Feb 2024","5.5","0","2"
"A9S2U","ACCESSORIES","Network","Network Cable","Network Cable 1,5M","04 Feb 2024","1","0","1"
"SZTQ1","ACCESSORIES","Network","Network Cable","Network  Cable 30M","04 Feb 2024","8","-4","2"
"Q5M6Y","ACCESSORIES","Network","Network Cable","Network  Cable 50M","04 Feb 2024","13","-10","1"
"NHAYT","USED PC","Dell","XPS","XPS 13 9360 | 3K Display i7 7th | 16GB | 512GB","not set","0","-1","1"
"ACXLK","ACCESSORIES","Mouse ","Mouse","Gaming Mouse AULA S11","14 Feb 2024","3.5","0","4"
"RHZP2","APPLE","Power & Cables","EarPod","Apple EarPod Type C Cable","not set","0","-1","2"
"E60Z2","MONITOR","WATASHI","WATASHI Monitor","WATASHI  MF2703-V | 27"" FHD 100Hz","29 Feb 2024","91","0","11"
"B82IQ","APPLE","MacBook Pro","MacBook Pro","MacBook Pro 14-inch M3 Pro 2023 M3 Pro | 18GB | 1TB | Black","not set","0","-1","0"
"O619V","APPLE","MacBook Air","MacBook Air","MacBook Air 13.6-inch M2 2022 M2 | 8GB | 512GB | Midnight","not set","0","0","1"
"8LIWN","PC PART","GPU","VGA GTX / RTX","MSI VGA  RTX 3050 VENTUS 2X 6GB OC","13 Mar 2024","193","0","0"
"U3P4A","ACCESSORIES","Mouse ","Mouse","AULA Mouse AM204 Bluetooth + UBS Wireless","19 Apr 2024","6.5","-2","1"
"Z31UY","ACCESSORIES","UGREEN","Display & Video","UGREEN USB-C HUB  5 in 1 USB-C  HDMI + USB 3.0","19 Apr 2024","13","-5","2"
"0I5LR","ACCESSORIES","UGREEN","Audio Accessories","UGREEN Cable USB-A 3.0 Male to Male 1M","19 Apr 2024","2.5","-2","1"
"0I5LR","ACCESSORIES","UGREEN","Audio Accessories","UGREEN Cable USB-A 3.0 Male to Male 2M","19 Apr 2024","3.5","0","0"
"NAFU8","ACCESSORIES","Network","Wi-Fi Network","UGREEN PCI Express Network Gigabit","19 Apr 2024","7.5","-1","0"
"N5HSV","ACCESSORIES","UGREEN","Enclosure","UGREEN PCI Express M.2 NVME Card","19 Apr 2024","6.5","0","0"
"WQL71","ACCESSORIES","UGREEN","Display & Video","UGREEN Display Adapter HDMI 2-in 1-Out Switcher","02 May 2024","7.9","5","0"
"B0A79","ACCESSORIES","UGREEN","Display & Video","UGREEN Display Adapter HDMI 3-in 1-Out Switcher","02 May 2024","16","0","1"
"BP5U1","ACCESSORIES","UGREEN","Power Cable","UGREEN  USB-A Printer Cable 1,5M","02 May 2024","3","-1","0"
"BP5U1","ACCESSORIES","UGREEN","Power Cable","UGREEN  USB-A Printer Cable 3M","02 May 2024","4.5","-1","0"
"15BUF","ACCESSORIES","External HDD","Enclosure","UGREEN Enclosure 3.5 inch USB3.0 Hard Drive","02 May 2024","16","0","1"
"206FK","ACCESSORIES","UGREEN","Audio Accessories","UGREEN Audio Adapter Bluetooth 5.1 Receiver","02 May 2024","8","0","0"
"YXQDG","ACCESSORIES","UGREEN","Audio Accessories","UGREEN Audio Cable USB-C to Audio 3.5mm Cable 1M","02 May 2024","7.5","-4","0"
"BXJ7T","ACCESSORIES","UGREEN","Audio Accessories","UGREEN Power Cable USB-A to Micro Cable 1M","02 May 2024","4","0","1"
"0TMUC","ACCESSORIES","UGREEN","Power Cable","UGreen  USB-A to USB-C 2M","02 May 2024","5","0","2"
"XWU1A","ACCESSORIES","Display / Audio","Display & Video","UGREEN Display Adapter Micro HDMI to HDMI Female","02 May 2024","3.5","-1","0"
"RD6IK","ACCESSORIES","Display / Audio","Display & Video","UGREEN Display Adapter mini HDMI to HDMI Female","02 May 2024","2.9","-1","0"
"2BFV0","ACCESSORIES","Display / Audio","Display & Video","UGREEN Display Adapter HDMI Female to Female","02 May 2024","1.9","-2","1"
"HDA4Y","ACCESSORIES","Display / Audio","Display & Video","UGREEN Display Adapter HDMI Right Angle 90 Degree","02 May 2024","1.9","100","0"
"not set","not set","not set","not set","i5 | 16GB | 512GB","not set","0","0","0"
"N0WAR","ACCESSORIES","Headphone & Speakers","Audio Accessories","Microlab  M-500U ","31 May 2024","41","0","0"
"0CFSX","ACCESSORIES","Headphone & Speakers","Audio Accessories","Microlab  Speaker B70","31 May 2024","33","0","0"
"JTFND","ACCESSORIES","Headphone & Speakers","Audio Accessories","Microlab  Speaker B72","31 May 2024","36","0","0"
"1V4TY","ACCESSORIES","Headphone & Speakers","Audio Accessories","Microlab  Speaker B77BT","31 May 2024","52","0","1"
"YDH9Z","ACCESSORIES","Headphone & Speakers","Audio Accessories","Microlab  Speaker BR-2600M","31 May 2024","32","0","1"
"ITN7B","PC PART","SSD","SSD M2 PCIe","ADATA LEGEND 900 Gen 4.0 2TB","06 Jun 2024","118","0","0"
"B4P75","ACCESSORIES","Headphone & Speakers","Audio Accessories","Headset  Lenovo Thinkplus G82B","19 Jun 2024","10","0","0"
"JHUTL","ACCESSORIES","Headphone & Speakers","Audio Accessories","Headset  Lenovo Thinkplus G81B","19 Jun 2024","9","0","2"
"28PMB","ACCESSORIES","Headphone & Speakers","Audio Accessories","Speaker HP DHE-6010","19 Jun 2024","9","0","0"
"U7KV3","ACCESSORIES","Headphone & Speakers","Audio Accessories","Speaker  Lenovo TS38","19 Jun 2024","7","0","1"
"W6K0G","ACCESSORIES","Headphone & Speakers","Audio Accessories","Headset  XPG PRECOG S-BKCWW","19 Jun 2024","23","0","0"
"25YGZ","MONITOR","Gigabyte Monitor","GIGABYTE Monitor","GIGABYTE  M32QC 32"" Monitor","19 Jun 2024","270","0","0"
"5AS8G","MONITOR","Gigabyte Monitor","GIGABYTE Monitor","GIGABYTE  GS27f A 27"" Monitor","19 Jun 2024","153","0","0"
"U9XYN","ACCESSORIES","UGREEN","Audio Accessories","UGREEN Power Adapter GaN Fast Charger 65W","19 Jun 2024","30","0","0"
"56K83","ACCESSORIES","Mouse ","Mouse","Wireless  Mouse Fude E311 Black","26 Jun 2024","2","0","0"
"TUW5V","ACCESSORIES","Mouse ","Mouse","Wireless  FD V1","26 Jun 2024","3.3","0","0"
"C9N6I","ACCESSORIES","Mouse ","Mouse","AULA Mouse AM205 UBS Wireless","26 Jun 2024","3.3","0","0"